UACE CD,UZA,UZA Name,UZA Population,Total Vehicle Revenue Miles,Total Vehicle Revenue Hours,Total Passenger Miles Traveled,Total Unlinked Passenger Trips,Total Operating Expenses,Fixed Guideway Directional Route Miles,Fixed Guideway Vehicle Revenue Miles,Fixed Guideway Passenger Miles,Fixed Guideway Operating Expenses,Non-Fixed Guideway Vehicle Revenue Miles,Non-Fixed Guideway Passenger Miles,Non-Fixed Guideway Operating Expenses,Fixed Guideway Directional Route Miles >= 7 Years,Fixed Guideway Vehicle Revenue Miles >= 7 Years,High Intensity Bus Directional Route Miles >= 7 Years,High Intensity Bus Vehicle Revenue Miles >= 7 Years
,0,Alabama Non-UZA,,5718110,349905,2669741,1364212,16534242,0,0,0,0,5718110,2669741,16534242,0,0,0,0
,0,Alaska Non-UZA,,3965901,214791,22585001,1969024,68430124,914.8,1152012,22585001,48463298,2813889,0,19966826,914.8,1152012,0,0
,0,American Samoa Non-UZA,,130971,11970,0,24882,940893,0,0,0,0,130971,0,940893,0,0,0,0
,0,Arizona Non-UZA,,5201411,285808,3987048,1949570,20367842,0,0,0,0,5201411,3987048,20367842,0,0,0,0
,0,Arkansas Non-UZA,,12148422,622361,0,1027957,21758393,0,0,0,0,12148422,0,21758393,0,0,0,0
,0,California Non-UZA,,26752418,1456181,40786000,12038494,147633791,0,0,0,0,26752418,40786000,147633791,0,0,0,0
,0,Colorado Non-UZA,,20566685,1375148,391457,18244909,100134593,0,0,0,0,20566685,391457,100134593,0,0,0,0
,0,Connecticut Non-UZA,,1696481,109734,1779654,760612,7509817,0,0,0,0,1696481,1779654,7509817,0,0,0,0
,0,Delaware Non-UZA,,3452665,197653,5957024,618438,21338856,0,0,0,0,3452665,5957024,21338856,0,0,0,0
,0,Florida Non-UZA,,19766465,1060190,33856031,7051032,70586510,0,0,0,0,19766465,33856031,70586510,0,0,0,0
,0,Georgia Non-UZA,,16822497,957507,0,1649840,33302270,0,0,0,0,16822497,0,33302270,0,0,0,0
,0,Guam Non-UZA,,795104,47576,0,159201,2814565,0,0,0,0,795104,0,2814565,0,0,0,0
,0,Hawaii Non-UZA,,4513529,267054,4922385,2146013,26035656,0,0,0,0,4513529,4922385,26035656,0,0,0,0
,0,Idaho Non-UZA,,3323531,172390,807894,1231522,11095617,0,0,0,0,3323531,807894,11095617,0,0,0,0
,0,Illinois Non-UZA,,21771546,1131979,9562688,4214611,65448510,0,0,0,0,21771546,9562688,65448510,0,0,0,0
,0,Indiana Non-UZA,,11792656,781281,296921,2123855,30497570,0,0,0,0,11792656,296921,30497570,0,0,0,0
,0,Iowa Non-UZA,,15153966,1053095,537029,3772258,49282636,0,0,0,0,15153966,537029,49282636,0,0,0,0
,0,Kansas Non-UZA,,7435918,423250,62827,1532953,18938427,0,0,0,0,7435918,62827,18938427,0,0,0,0
,0,Kentucky Non-UZA,,28863794,1684066,1346525,2996162,59489192,0,0,0,0,28863794,1346525,59489192,0,0,0,0
,0,Louisiana Non-UZA,,5637215,320557,531381,740178,14496689,1,5605,94327,937345,5631610,437054,13559344,1,5605,0,0
,0,Maine Non-UZA,,12088210,581988,1873598,2600657,45936953,7.5,22047,1009741,1851943,12066163,863857,44085010,7.5,22047,0,0
,0,Maryland Non-UZA,,6283368,409443,5494535,3883699,23751894,0,0,0,0,6283368,5494535,23751894,0,0,0,0
,0,Massachusetts Non-UZA,,3656289,237241,4470925,2636653,18669013,0,0,0,0,3656289,4470925,18669013,0,0,0,0
,0,Michigan Non-UZA,,31028765,1817260,7092344,7689793,107320914,0,0,0,0,31028765,7092344,107320914,0,0,0,0
,0,Minnesota Non-UZA,,15200648,978584,760418,4131198,58612706,0,0,0,0,15200648,760418,58612706,0,0,0,0
,0,Mississippi Non-UZA,,11242283,494687,841571,2956919,26090817,0,0,0,0,11242283,841571,26090817,0,0,0,0
,0,Missouri Non-UZA,,20651324,1109844,10620,2147583,41922909,0,0,0,0,20651324,10620,41922909,0,0,0,0
,0,Montana Non-UZA,,4856970,297409,0,1488782,15936474,0,0,0,0,4856970,0,15936474,0,0,0,0
,0,Nebraska Non-UZA,,4032806,253396,0,677832,11826837,0,0,0,0,4032806,0,11826837,0,0,0,0
,0,Nevada Non-UZA,,2041333,114164,1215049,595551,9085239,0,0,0,0,2041333,1215049,9085239,0,0,0,0
,0,New Hampshire Non-UZA,,1405027,120283,130218,1523001,7761664,0,0,0,0,1405027,130218,7761664,0,0,0,0
,0,New Jersey Non-UZA,,1843289,117470,169405,369691,7948832,0,0,0,0,1843289,169405,7948832,0,0,0,0
,0,New Mexico Non-UZA,,5791608,310473,2295362,1717740,25540139,0,0,0,0,5791608,2295362,25540139,0,0,0,0
,0,New York Non-UZA,,14843002,818114,7531990,5689869,63851862,0,0,0,0,14843002,7531990,63851862,0,0,0,0
,0,North Carolina Non-UZA,,31761684,1725830,724162,5061570,71036902,0,0,0,0,31761684,724162,71036902,0,0,0,0
,0,North Dakota Non-UZA,,3482871,238276,0,617006,11239960,0,0,0,0,3482871,0,11239960,0,0,0,0
,0,Ohio Non-UZA,,14544297,817022,350522,2728688,48707331,0,0,0,0,14544297,350522,48707331,0,0,0,0
,0,Oklahoma Non-UZA,,18359412,1124874,0,2779755,42146514,0,0,0,0,18359412,0,42146514,0,0,0,0
,0,Oregon Non-UZA,,10849092,578746,4076614,2972650,38918637,0,0,0,0,10849092,4076614,38918637,0,0,0,0
,0,Pennsylvania Non-UZA,,13477320,756735,11030989,3546199,55122003,0,0,0,0,13477320,11030989,55122003,0,0,0,0
,0,Puerto Rico Non-UZA,,1590663,149458,21523177,2946866,31809996,44.4,144626,15443588,25939734,1446037,6079589,5870262,0,0,0,0
,0,Rhode Island Non-UZA,,185630,6931,1159606,55298,2117407,0,0,0,0,185630,1159606,2117407,0,0,0,0
,0,South Carolina Non-UZA,,8881239,437878,1971062,1376188,20814750,0,0,0,0,8881239,1971062,20814750,0,0,0,0
,0,South Dakota Non-UZA,,4851687,344604,0,1352696,16437021,0,0,0,0,4851687,0,16437021,0,0,0,0
,0,Tennessee Non-UZA,,23592022,1180899,1773578,5330200,51005125,0,0,0,0,23592022,1773578,51005125,0,0,0,0
,0,Texas Non-UZA,,26718078,1291510,9401058,4165053,79314096,0,0,0,0,26718078,9401058,79314096,0,0,0,0
,0,Utah Non-UZA,,4637619,231010,11361405,3377603,21579661,0,0,0,0,4637619,11361405,21579661,0,0,0,0
,0,Vermont Non-UZA,,16822308,672468,3308085,2601685,33493037,0,0,0,0,16822308,3308085,33493037,0,0,0,0
,0,Virginia Non-UZA,,10337402,533554,10373308,2806466,29421767,0,0,0,0,10337402,10373308,29421767,0,0,0,0
,0,Washington Non-UZA,,18678294,938348,66672608,14799105,174590839,153.8,311226,61351860,86138227,18367068,5320748,88452612,136.4,283047,0,0
,0,West Virginia Non-UZA,,4578324,259048,0,1104864,13758692,0,0,0,0,4578324,0,13758692,0,0,0,0
,0,Wisconsin Non-UZA,,12445433,912443,113490,3118725,35264810,0,0,0,0,12445433,113490,35264810,0,0,0,0
,0,Wyoming Non-UZA,,2789820,222978,0,2079175,10360361,0,0,0,0,2789820,0,10360361,0,0,0,0
,1,"New York-Newark, NY-NJ-CT",18351295,862600555,56839402,22227181684,4209297867,15268706452,2571.6,550316012,18511711057,9635475159,312284543,3715470627,5633231293,2456.2,546204049,131.1,5842013
,2,"Los Angeles-Long Beach-Anaheim, CA",12150996,268722360,19009541,2947725227,538863984,3109835571,653.4,35199842,1045687656,794201642,233522518,1902037571,2315633929,616.3,30724522,254.1,2972968
,3,"Chicago, IL-IN",8608208,242151351,16145245,3645688116,553155562,2675435390,1338.6,121622114,2828323432,1444555706,120529237,817364684,1230879684,1259,121563654,0,0
,4,"Miami, FL",5502379,100896914,6788509,768344292,123322927,901459332,241.9,14352398,279867140,241777145,86544516,488477152,659682187,240.3,14339029,0,0
,5,"Philadelphia, PA-NJ-DE-MD",5441567,126790157,9524897,1753041744,347457394,1650103227,811.8,47908234,1089052290,684713035,78881923,663989454,965390192,811.8,47908234,0,0
,6,"Dallas-Fort Worth-Arlington, TX",5121892,68130371,4466808,479160507,76473460,655057515,301.9,13429406,270108288,247571539,54700965,209052219,407485976,247.2,11476604,31,324852
,7,"Houston, TX",4944332,79370728,5158501,586453810,90509150,585963403,43.6,3482906,52243069,83097579,75887822,534210741,502865824,14.8,1577648,157.1,3998958
,8,"Washington, DC-VA-MD",4586770,208712771,13535635,2430771393,419224281,2640326225,675.9,91944449,1621002239,1304484799,116768322,809769154,1335841426,635,76989179,102.5,1914380
,9,"Atlanta, GA",4515419,73367177,4333582,819148238,124639340,558378055,99,22579769,450305185,211434356,50787408,368843053,346943699,96.3,22519259,91.3,1464592
,10,"Boston, MA-NH-RI",4181019,109465777,8496859,1739028787,376390991,1605450643,919.1,56678801,1421542066,949830305,52786976,317486721,655620338,916.4,56371456,1.6,17891
,11,"Detroit, MI",3734090,34542956,2139314,219021340,35253042,254167336,9.6,671686,4191476,27943822,33871270,214829864,226223514,2.9,506223,0,0
,12,"Phoenix-Mesa, AZ",3629114,54421707,3833772,356626647,72065317,394759376,51.1,3351956,108918663,48417272,51069751,247707984,346342104,38.6,2337543,173.6,841485
,13,"San Francisco-Oakland, CA",3281212,138366377,9397064,2461068121,406960711,2263158786,741.1,75088847,1869050558,1140281303,63277530,592017563,1122877483,694.8,72003712,62.6,456245
,14,"Seattle, WA",3059393,115886897,7875519,1458392546,217909182,1573887750,483,13071628,478205675,508897034,102815269,980186871,1064990716,437.1,10664429,233.4,10832802
,15,"San Diego, CA",2956746,59631598,3590016,587874107,96911783,392231766,273.1,11451484,284046445,137904823,48180114,303827662,254326943,268.1,11349406,0.1,2547
,16,"Minneapolis-St. Paul, MN-WI",2650890,66833927,4492347,438810760,91416523,579280501,132.7,6397298,123949399,99876847,60436629,314861361,479403654,111.1,3959040,204.3,3946351
,17,"Tampa-St. Petersburg, FL",2441770,26860833,1953690,159073062,27660781,168019910,5.4,113872,1220892,2256938,26746961,157852170,165762972,5.4,113872,1.1,28394
,18,"Denver-Aurora, CO",2374203,64948266,4397348,588693950,97832161,607500880,188.8,19804894,302645184,218503891,45143372,286048766,388996989,97,11536511,4.9,13751
,19,"Baltimore, MD",2203663,58448379,4280860,466733556,88078813,700779172,233.8,10721589,182827988,201269209,47726790,283905568,499509963,225.7,9867825,0,0
,20,"St. Louis, MO-IL",2150706,34494373,2175702,239810090,38571155,305141898,91.1,6113628,89068641,85552894,28380745,150741449,219589004,91.1,6113628,0,0
,21,"San Juan, PR",2148346,15700019,1456320,105035120,21913593,138883951,39.7,2448349,32934171,75295439,13251670,72100949,63588512,39.7,2448349,0,0
,22,"Riverside-San Bernardino, CA",1932666,21703304,1364707,141373436,17203457,174260952,177.2,2913777,43552085,44219717,18789527,97821351,130041235,117,1946900,24.4,37186
,23,"Las Vegas-Henderson, NV",1886011,29940342,2368675,263850538,65821192,237475512,58.4,1508657,19882384,14095060,28431685,243968154,223380452,36.8,1002969,19.5,194902
,24,"Portland, OR-WA",1849898,46041392,3758971,463342804,110112562,612145888,170,10266128,223991372,203623397,35775264,239351432,408522491,152.4,9390560,4,50001
,25,"Cleveland, OH",1780673,25235268,1918279,158262747,33026032,318790727,82.6,3679572,52393746,66671760,21555696,105869001,252118967,82.6,3679572,3.2,209324
,26,"San Antonio, TX",1758210,38796698,2442423,196171081,42522543,222617258,0,0,0,0,38796698,196171081,222617258,0,0,0,0
,27,"Pittsburgh, PA",1733853,37915774,2702267,295275291,65851064,456914105,92.9,4872372,77079496,112742008,33043402,218195795,344172097,92.9,4872372,13.4,56595
,28,"Sacramento, CA",1723634,18994448,1313518,125229471,22695892,221272981,84.9,4343974,63439869,76359832,14650474,61789602,144913149,76.1,4176472,0,0
,29,"San Jose, CA",1664496,27578592,2027732,328015003,42801725,466044910,185.7,6047736,183923169,175074979,21530856,144091834,290969931,185.7,6047736,207.6,539200
,30,"Cincinnati, OH-KY-IN",1624827,16357473,1199295,97888264,17657600,134995015,3.7,105417,928018,3612189,16252056,96960246,131382826,0.1,11065,0,0
,31,"Kansas City, MO-KS",1519417,14661676,960673,59298297,15638772,122630672,11.2,137983,2881142,5127339,14523693,56417155,117503333,7.3,0,0,1836
,32,"Orlando, FL",1510516,21706208,1433498,149011773,20942263,152602703,104.1,1280386,25591546,48604633,20425822,123420227,103998070,2.5,134199,0,0
,33,"Indianapolis, IN",1487483,12253399,880198,48475710,9776748,98540193,8.7,304572,2550235,4398506,11948827,45925475,94141687,0,0,0,0
,34,"Virginia Beach, VA",1439666,15935016,1130246,74104363,13565277,97895364,16.7,404203,5012354,13374459,15530813,69092009,84520905,16.7,404203,70.7,613302
,35,"Milwaukee, WI",1376476,21942528,1687885,106091120,31401061,164311703,14.7,143633,1026826,4746264,21798895,105064294,159565439,10.7,48711,0,0
,36,"Columbus, OH",1368035,19118823,1401575,81628661,19591447,172924419,0,0,0,0,19118823,81628661,172924419,0,0,0,0
,37,"Austin, TX",1362416,28009691,2066308,168576291,31167525,235997417,64.2,581528,11187645,19319510,27428163,157388646,216677907,64.2,581528,0,0
,38,"Charlotte, NC-SC",1249442,21347576,1501778,129450983,24848043,167333205,47.6,2410760,45712163,37833565,18936816,83738820,129499640,26.3,1217899,14.4,201393
,39,"Providence, RI-MA",1190956,13799158,967786,82899650,18044713,128524014,99.5,108541,2828279,2176068,13690617,80071371,126347946,73.7,83637,0,0
,40,"Jacksonville, FL",1065219,13924142,941692,66540763,11614432,113657623,6.3,146644,851439,10504096,13777498,65689324,103153527,5.4,138908,0,0
,41,"Memphis, TN-MS-AR",1060061,7099433,433339,36729760,6477372,58859221,10,58644,452158,3628003,7040789,36277602,55231218,10,58644,0,0
,42,"Salt Lake City-West Valley City, UT",1021243,23329072,1396960,199408461,31971276,200985056,159,8258950,124915379,85006979,15070122,74493082,115978077,155.1,7986107,0,0
,43,"Louisville/Jefferson County, KY-IN",972546,13722039,957572,57930799,11640704,90629468,0,0,0,0,13722039,57930799,90629468,0,0,0,0
,44,"Nashville-Davidson, TN",969587,11398737,793415,64039392,10395401,92902243,62.8,197967,4544152,4594651,11200770,59495240,88307592,62.8,197967,0,0
,45,"Richmond, VA",953556,10155141,688226,57672665,9493218,56935404,15.3,482653,5817055,4924055,9672488,51855610,52011349,0,0,0,0
,46,"Buffalo, NY",935906,11145388,967643,82571610,23968959,142615057,12.4,921826,11971472,26660853,10223562,70600138,115954204,12.4,921826,0,0
,47,"Hartford, CT",924859,16226914,1170548,118457725,17205693,130887919,19.6,1476947,15128531,15542734,14749967,103329194,115345185,0,0,39.3,382511
,48,"Bridgeport-Stamford, CT-NY",923311,11613464,729033,191284778,17299415,153819916,51,5199413,155702919,96265157,6414051,35581859,57554759,131.2,5199413,0,0
,49,"New Orleans, LA",899703,10506344,957261,62163497,18893873,144073216,29.9,1038954,13011308,41340433,9467390,49152189,102732783,29.9,1038954,7,195020
,50,"Raleigh, NC",884891,12366369,888258,41283448,10408322,67674037,0,0,0,0,12366369,41283448,67674037,0,0,0,0
,51,"Oklahoma City, OK",861505,3917942,260065,15341428,3334663,32957630,11.6,79688,383254,4672252,3838254,14958174,28285378,8.5,2375,0,0
,52,"Tucson, AZ",843168,13333503,1037973,66726842,15875494,82304723,7.8,202514,1406528,4138394,13130989,65320314,78166329,0,0,0,0
,53,"El Paso, TX-NM",803086,9370208,667441,77293617,11518057,65302323,4,76290,343070,2584352,9293918,76950547,62717971,0,0,0,0
,54,"Urban Honolulu, HI",802459,26297983,1965166,317922119,63372785,264103422,1,124065,2104761,1441106,26173918,315817358,262662316,1,124065,20.5,252396
,55,"Birmingham, AL",749495,4919577,314186,23922092,3331511,34875596,0,0,0,0,4919577,23922092,34875596,0,0,0,0
,56,"Albuquerque, NM",741318,9066396,574459,70970247,10223064,84000423,193.1,1338457,35411192,28790471,7727939,35559055,55209952,193.1,1338457,0,0
,57,"McAllen, TX",728825,2255330,116394,5142311,1172259,8122165,0,0,0,0,2255330,5142311,8122165,0,0,0,0
,58,"Omaha, NE-IA",725008,4799890,341011,12098347,3380090,29352346,0,0,0,0,4799890,12098347,29352346,0,0,0,0
,59,"Dayton, OH",724091,9440350,656346,58291781,9586879,81231659,125.7,832545,8439011,11749604,8607805,49852770,69482055,125.7,832545,0,0
,60,"Rochester, NY",720572,6892800,568413,48550469,14568110,80897936,0,0,0,0,6892800,48550469,80897936,0,0,0,0
,61,"Allentown, PA-NJ",664651,5789780,407008,30032415,4795646,38977806,0,0,0,0,5789780,30032415,38977806,0,0,0,0
,62,"Tulsa, OK",655479,3781960,246105,14861933,2717580,19106083,0,0,0,0,3781960,14861933,19106083,0,0,0,0
,63,"Fresno, CA",654628,7678836,556877,51619977,11140101,54046987,0,0,0,0,7678836,51619977,54046987,0,0,0,0
,64,"Sarasota-Bradenton, FL",643260,6285920,436331,20447168,3943981,39676017,0,0,0,0,6285920,20447168,39676017,0,0,0,0
,65,"Springfield, MA-CT",621300,8894809,579350,42861654,10709794,53264319,0,0,0,0,8894809,42861654,53264319,0,0,0,0
,66,"Concord, CA",615968,22970424,937488,424582502,32879454,199794426,75.1,17545991,401632698,148114813,5424433,22949804,51679613,75.1,17545991,0,0
,67,"Albany-Schenectady, NY",594962,11681997,843088,73741217,15705753,89252372,0,0,0,0,11681997,73741217,89252372,0,0,0,0
,68,"Baton Rouge, LA",594309,3902630,290865,14444833,3803859,29422264,0,0,0,0,3902630,14444833,29422264,0,0,0,0
,69,"Mission Viejo-Lake Forest-San Clemente, CA",583681,4529195,316330,25108272,4701767,47149946,47,959012,8635610,17419126,3570183,16472662,29730820,47,959012,0,0
,70,"Grand Rapids, MI",569935,8544936,631499,40836599,10494258,47638624,19,370596,2501045,2343897,8174340,38335554,45294727,0,0,0,0
,71,"Akron, OH",569499,7521346,556990,28976153,6515515,59592458,0,0,0,0,7521346,28976153,59592458,0,0,0,0
,72,"New Haven, CT",562839,12262360,664050,196638935,14900432,189873776,152.2,6637801,171705279,135295237,5624559,24933656,54578539,125,6637801,0,0
,73,"Colorado Springs, CO",559409,4616101,299450,17903771,3457946,23824689,0,0,0,0,4616101,17903771,23824689,0,0,0,0
,74,"Knoxville, TN",558696,5376465,360932,10484031,2967648,27585732,0,0,0,0,5376465,10484031,27585732,0,0,0,0
,75,"Columbia, SC",549777,3394598,236465,7764377,2730765,20334361,0,0,0,0,3394598,7764377,20334361,0,0,0,0
,76,"Charleston-North Charleston, SC",548404,3496232,263703,16605733,3232446,21495526,0,0,0,0,3496232,16605733,21495526,0,0,0,0
,77,"Ogden-Layton, UT",546026,9759862,533457,94571357,8225855,69526710,70.5,2397942,59343000,19660909,7361920,35228357,49865801,70.5,2397942,0,0
,78,"Cape Coral, FL",530290,4552483,273036,18796507,2947252,23091230,0,0,0,0,4552483,18796507,23091230,0,0,0,0
,79,"Bakersfield, CA",523994,5167543,366625,28806524,6524868,30564663,0,0,0,0,5167543,28806524,30564663,0,0,0,0
,80,"Toledo, OH-MI",507643,4654776,396190,11994908,2053250,27812246,1,2863,9840,22211,4651913,11985068,27790035,1,2683,0,0
,81,"Worcester, MA-CT",486514,3190402,243116,14458986,3212880,25945290,25.9,6483,169928,116394,3183919,14289058,25828896,25.9,6483,0,0
,82,"Provo-Orem, UT",482819,4617678,242537,50450539,3917546,34030879,47.2,2169273,36784430,18296807,2448405,13666109,15734072,38.9,1314303,0,0
,83,"Wichita, KS",472870,2449725,159382,7678034,1380229,13105043,0,0,0,0,2449725,7678034,13105043,0,0,0,0
,84,"Palm Bay-Melbourne, FL",452791,2977334,147104,15902631,2083363,12091717,0,0,0,0,2977334,15902631,12091717,0,0,0,0
,85,"Des Moines, IA",450070,5742374,315661,26379324,4393025,31477127,0,0,0,0,5742374,26379324,31477127,0,0,0,0
,86,"Harrisburg, PA",444474,4737013,252113,38899876,2587843,32930903,28.8,835183,27559453,9720151,3901830,11340423,23210752,28.8,835183,0,0
,87,"Murrieta-Temecula-Menifee, CA",441546,2630518,155846,9716344,893870,12696852,0,0,0,0,2630518,9716344,12696852,0,0,0,0
,88,"Little Rock, AR",431388,3203550,209425,12354762,2564760,18790208,3.8,53012,325918,990138,3150538,12028844,17800070,3.8,53012,0,0
,89,"Poughkeepsie-Newburgh, NY-NJ",423566,13076386,416767,233037721,7840722,110610631,35.7,2400740,71804022,45001788,10675646,161233699,65608843,35.7,2400740,0,0
,90,"Syracuse, NY",412317,4569091,372779,28881834,8561700,57592650,0,0,0,0,4569091,28881834,57592650,0,0,0,0
,91,"Lancaster, PA",402004,5839525,275371,84995302,2888587,42664866,76,2213233,73032485,25758378,3626292,11962817,16906488,76,2213233,0,0
,92,"Madison, WI",401661,5927472,484651,51423339,13034300,53710102,12.5,288625,2888238,2813439,5638847,48535101,50896663,12.5,288625,0,0
,93,"Greenville, SC",400492,1402496,99170,9032663,1526493,8539175,0,0,0,0,1402496,9032663,8539175,0,0,0,0
,94,"Reno, NV-CA",392141,6956693,429547,38546837,7829157,38161873,0.5,39744,309403,399075,6916949,38237434,37762798,0.5,39744,0,0
,95,"Winston-Salem, NC",391024,4731638,302220,15087309,3022078,22847165,0,0,0,0,4731638,15087309,22847165,0,0,0,0
,96,"Spokane, WA",387847,8794223,592726,44508914,9770829,66017807,0,0,0,0,8794223,44508914,66017807,0,0,0,0
,97,"Youngstown, OH-PA",387550,2414622,174681,6383138,1673931,14511176,0,0,0,0,2414622,6383138,14511176,0,0,0,0
,98,"Augusta-Richmond County, GA-SC",386787,894825,68839,2402290,705468,5432499,0,0,0,0,894825,2402290,5432499,0,0,0,0
,99,"Scranton, PA",381502,3820808,275748,11765527,2445478,26549086,0,0,0,0,3820808,11765527,26549086,0,0,0,0
,100,"Chattanooga, TN-GA",381112,2727579,218129,7887747,2643299,21282774,1.7,19196,422784,2155392,2708383,7464963,19127382,1.7,19196,0,0
,101,"Port St. Lucie, FL",376047,1495108,92556,4717080,841581,7623909,0,0,0,0,1495108,4717080,7623909,0,0,0,0
,102,"Stockton, CA",370583,3551087,207375,42333125,4053275,39926165,60.5,405498,23691760,7076316,3145589,18641365,32849849,60.5,405498,0,0
,103,"Oxnard, CA",367260,5360621,361058,38980455,4713022,40134478,59.4,289131,6676902,5044621,5071490,32303553,35089857,59.4,289131,0,0
,104,"Denton-Lewisville, TX",366174,3146717,196351,16271199,2833219,31684742,42.6,671222,5493329,15446441,2475495,10777870,16238301,42.6,671222,0,0
,105,"Modesto, CA",358172,3206261,248601,10780390,2568774,22243704,0,0,0,0,3206261,10780390,22243704,0,0,0,0
,106,"Flint, MI",356218,7522996,367447,32767408,4612065,31567135,0,0,0,0,7522996,32767408,31567135,0,0,0,0
,107,"Jackson, MS",351478,1127564,77652,1297132,560632,6976719,0,0,0,0,1127564,1297132,6976719,0,0,0,0
,108,"Boise City, ID",349684,2929998,159846,14576501,1269290,12896740,0,0,0,0,2929998,14576501,12896740,0,0,0,0
,109,"Palm Coast-Daytona Beach-Port Orange, FL",349064,4565493,290339,12615321,2390832,19506694,0,0,0,0,4565493,12615321,19506694,0,0,0,0
,110,"Durham, NC",347602,9003271,609678,47985710,14506991,62361464,0,0,0,0,9003271,47985710,62361464,0,0,0,0
,111,"Indio-Cathedral City, CA",345580,4035857,258095,31012778,3591696,28708655,0,0,0,0,4035857,31012778,28708655,0,0,0,0
,112,"Lancaster-Palmdale, CA",341219,4405938,225862,45776866,2664590,40891749,70.6,924634,18446848,17680972,3481304,27330018,23210777,70.6,924634,18.1,629141
,113,"Pensacola, FL-AL",340067,2544395,183558,7492526,1452137,12762451,0,0,0,0,2544395,7492526,12762451,0,0,0,0
,114,"Victorville-Hesperia, CA",328454,8902024,316268,36667679,1856758,21698214,0,0,0,0,8902024,36667679,21698214,0,0,0,0
,115,"Mobile, AL",326183,1720471,126834,6324194,938025,10188922,0,0,0,0,1720471,6324194,10188922,0,0,0,0
,116,"Corpus Christi, TX",320069,5470006,362916,25868808,5249776,31573706,0,0,0,0,5470006,25868808,31573706,0,0,0,0
,117,"Kissimmee, FL",314071,3516023,238379,20157020,3107171,18292775,0,0,0,0,3516023,20157020,18292775,0,0,0,0
,118,"Lansing, MI",313532,7237428,490150,37244426,11106029,53758420,0,0,0,0,7237428,37244426,53758420,0,0,0,0
,119,"Fort Wayne, IN",313492,1876603,131796,5495352,1676800,14086054,0,0,0,0,1876603,5495352,14086054,0,0,0,0
,120,"Greensboro, NC",311810,5564247,342478,15219391,3737579,27665033,0,0,0,0,5564247,15219391,27665033,0,0,0,0
,121,"Bonita Springs, FL",310298,2212369,118103,5770701,772549,8968513,0,0,0,0,2212369,5770701,8968513,0,0,0,0
,122,"Fayetteville, NC",310282,2359451,155244,6269723,1522142,11271472,0,0,0,0,2359451,6269723,11271472,0,0,0,0
,123,"Santa Rosa, CA",308231,3799351,240917,32419807,3335559,53348470,62,876852,17452630,26115680,2922499,14967177,27232790,0,0,0,0
,124,"Aguadilla-Isabela-San Sebastián, PR",306196,974101,76709,2252847,646436,1402907,0,0,0,0,974101,2252847,1402907,0,0,0,0
,125,"Ann Arbor, MI",306022,8910539,603561,52440166,14352271,51777932,0,0,0,0,8910539,52440166,51777932,0,0,0,0
,126,"Shreveport, LA",298317,3009058,195542,16548437,2618604,13565120,0,0,0,0,3009058,16548437,13565120,0,0,0,0
,127,"Rockford, IL",296863,2111099,153448,7527604,1654541,16366317,0,0,0,0,2111099,7527604,16366317,0,0,0,0
,128,"Trenton, NJ",296668,7101208,349766,159319057,11535173,111479821,77.3,3603228,122125316,76088007,3497980,37193741,35391814,77.3,3603228,0,0
,129,"Fayetteville-Springdale-Rogers, AR-MO",295083,1335260,106183,0,1871071,6629257,0,0,0,0,1335260,0,6629257,0,0,0,0
,130,"Round Lake Beach-McHenry-Grayslake, IL-WI",290373,2474841,117820,24123182,1257628,19987486,49.8,727072,22251748,12749433,1747769,1871434,7238053,49.8,727072,0,0
,131,"Lexington-Fayette, KY",290263,3607709,326670,20659326,4612703,26325127,0,0,0,0,3607709,20659326,26325127,0,0,0,0
,132,"Huntsville, AL",286692,1132946,73712,3815830,749063,4383158,0,0,0,0,1132946,3815830,4383158,0,0,0,0
,133,"Asheville, NC",280648,2474057,157248,7274722,2217604,12462087,0,0,0,0,2474057,7274722,12462087,0,0,0,0
,134,"Davenport, IA-IL",280051,3999831,271702,16508084,3997179,28110253,3.4,11166,191306,448764,3988665,16316778,27661489,3.4,11166,0,0
,135,"Canton, OH",279245,3564966,212464,16152891,2330539,23192187,0,0,0,0,3564966,16152891,23192187,0,0,0,0
,136,"South Bend, IN-MI",278165,2251579,148480,9018906,1872951,15668840,28.9,409946,3413523,3687534,1841633,5605383,11981306,28.9,409946,0,0
,137,"Antioch, CA",277634,7565326,344853,103339427,9680067,63949393,26.9,4700201,92064263,42340759,2865125,11275164,21608634,8.3,3251554,4.2,10508
,138,"Springfield, MO",273724,1225426,84471,5994441,1312354,9669154,0,0,0,0,1225426,5994441,9669154,0,0,0,0
,139,"Peoria, IL",266921,3107406,181126,16851616,2729260,27947237,0,0,0,0,3107406,16851616,27947237,0,0,0,0
,140,"Reading, PA",266254,2642972,210714,13170631,2994556,16541902,0,0,0,0,2642972,13170631,16541902,0,0,0,0
,141,"Fort Collins, CO",264465,3293938,190595,16440221,4611920,19931633,9.8,314202,3619910,3402342,2979736,12820311,16529291,0,0,0,0
,142,"Montgomery, AL",263907,1598751,102987,2777604,622567,7963595,0,0,0,0,1598751,2777604,7963595,0,0,0,0
,143,"Lakeland, FL",262596,1158598,78025,4013079,679414,9591132,0,0,0,0,1158598,4013079,9591132,0,0,0,0
,144,"Savannah, GA",260677,3491215,259730,12460123,4069157,24073935,1.4,15352,299238,955195,3475863,12160885,23118740,1.4,15352,0,0
,145,"Lincoln, NE",258719,2296383,165207,7491520,2450041,14302959,0,0,0,0,2296383,7491520,14302959,0,0,0,0
,146,"Santa Clarita, CA",258653,3434732,204494,28603115,2855545,30898923,23.6,392340,14761946,7959047,3042392,13841169,22939876,23.6,392340,50.8,93527
,147,"Columbus, GA-AL",253602,1470072,123991,0,1322261,4946450,0,0,0,0,1470072,0,4946450,0,0,0,0
,148,"Lafayette, LA",252720,1534710,84240,10038259,1366441,5678045,0,0,0,0,1534710,10038259,5678045,0,0,0,0
,149,"Anchorage, AK",251243,4504044,279514,26311574,3882592,34968344,36.5,57407,1434446,1934655,4446637,24877128,33033689,36.5,57407,0,0
,150,"Atlantic City, NJ",248402,9214728,632846,101856474,14225253,102509550,32.4,180015,6166278,3149990,9034713,95690196,99359560,32.4,180015,0,0
,151,"Eugene, OR",247421,8079135,522233,39997666,10494520,58636426,28,688848,9519529,11648574,7390287,30478137,46987852,19,450210,0,0
,152,"Barnstable Town, MA",246695,8465215,572387,55299447,5614983,129863617,77.7,348658,36673159,90705302,8116557,18626288,39158315,0,0,0,0
,153,"Tallahassee, FL",240223,3529621,269788,11274934,3572403,20454981,0,0,0,0,3529621,11274934,20454981,0,0,0,0
,154,"Conroe-The Woodlands, TX",239938,1215684,59961,21774689,738457,7752891,0,0,0,0,1215684,21774689,7752891,0,0,0,0
,155,"Lubbock, TX",237356,2461128,183017,8554319,3542620,12595280,0,0,0,0,2461128,8554319,12595280,0,0,0,0
,156,"Salem, OR",236632,3733667,253567,13805797,3234555,32353152,0,0,0,0,3733667,13805797,32353152,0,0,0,0
,157,"Laredo, TX",235730,1961354,172947,8777767,2562636,16011892,0,0,0,0,1961354,8777767,16011892,0,0,0,0
,158,"York, PA",232045,3072767,186921,8747173,1540405,13971832,0,0,0,0,3072767,8747173,13971832,0,0,0,0
,159,"Evansville, IN-KY",229351,1699616,141525,4880658,1398527,10001407,0,0,0,0,1699616,4880658,10001407,0,0,0,0
,160,"Nashua, NH-MA",226400,692823,49802,2067953,472667,3554287,0,0,0,0,692823,2067953,3554287,0,0,0,0
,161,"Wilmington, NC",219957,1539741,100419,3889447,1258143,8709990,0,0,0,0,1539741,3889447,8709990,0,0,0,0
,162,"Visalia, CA",219454,4631626,230962,34240140,2081558,17349373,0,0,0,0,4631626,34240140,17349373,0,0,0,0
,163,"Killeen, TX",217630,611211,38555,1752572,287590,3675689,0,0,0,0,611211,1752572,3675689,0,0,0,0
,164,"Brownsville, TX",217585,936504,76597,7376877,1532063,6913792,0,0,0,0,936504,7376877,6913792,0,0,0,0
,165,"Appleton, WI",216154,1900178,109719,5814235,1112264,8070990,0,0,0,0,1900178,5814235,8070990,0,0,0,0
,166,"Myrtle Beach-Socastee, SC-NC",215304,764199,41655,0,387731,4113720,0,0,0,0,764199,0,4113720,0,0,0,0
,167,"Concord, NC",214881,1427401,88673,0,649384,6831896,0,0,0,0,1427401,0,6831896,0,0,0,0
,168,"Thousand Oaks, CA",214811,1200620,73663,1536672,427048,11678562,17.8,82644,1536672,3298847,1117976,0,8379715,17.8,82644,0,0
,169,"Aberdeen-Bel Air South-Bel Air North, MD",213751,900416,55072,0,332582,4620662,0,0,0,0,900416,0,4620662,0,0,0,0
,170,"Hickory, NC",212195,993920,58242,1380828,198404,3897552,0,0,0,0,993920,1380828,3897552,0,0,0,0
,171,"Kennewick-Pasco, WA",210975,8544540,400455,33269789,3126689,38159116,0,0,0,0,8544540,33269789,38159116,0,0,0,0
,172,"Roanoke, VA",210111,2101759,133590,11136612,1911808,9118640,0,0,0,0,2101759,11136612,9118640,0,0,0,0
,173,"Kalamazoo, MI",209703,3129958,222012,13452298,2766410,16164862,0,0,0,0,3129958,13452298,16164862,0,0,0,0
,174,"Norwich-New London, CT-RI",209190,1152938,75218,5699026,978633,6727355,0,0,0,0,1152938,5699026,6727355,0,0,0,0
,175,"Gulfport, MS",208948,1529268,87580,6573873,773556,6155825,0,0,0,0,1529268,6573873,6155825,0,0,0,0
,176,"Green Bay, WI",206520,1434453,101496,4067120,1324579,7660169,0,0,0,0,1434453,4067120,7660169,0,0,0,0
,177,"Portland, ME",203914,3966233,240938,38551849,3917962,35716647,205.6,1607665,31244741,20064840,2358568,7307108,15651807,205.6,1607665,0,0
,178,"Huntington, WV-KY-OH",202637,1645264,111210,5259356,1102154,7923767,0,0,0,0,1645264,5259356,7923767,0,0,0,0
,179,"Winter Haven, FL",201289,862732,58613,3023376,527181,7223156,0,0,0,0,862732,3023376,7223156,0,0,0,0
,180,"Bremerton, WA",198979,4169569,260872,18322174,3400352,42585455,5.7,77984,2984203,3582909,4091585,15337971,39002546,5.7,77984,0,0
,181,"Avondale-Goodyear, AZ",197041,316157,24700,629115,154261,1833667,0,0,0,0,316157,629115,1833667,0,0,4,8247
,182,"Amarillo, TX",196651,1007335,71906,0,318890,5488463,0,0,0,0,1007335,0,5488463,0,0,0,0
,183,"Erie, PA",196611,3019871,221194,9425281,2628815,21063398,0,0,0,0,3019871,9425281,21063398,0,0,0,0
,184,"Santa Barbara, CA",195861,3560148,257841,26335131,6689207,29596721,0,0,0,0,3560148,26335131,29596721,0,0,0,0
,185,"Waterbury, CT",194535,6920663,312098,160685815,9120519,113409226,51,5199413,155702919,96265157,1721250,4982896,17144069,22.2,5199413,0,0
,186,"Fort Walton Beach-Navarre-Wright, FL",191917,997564,62437,600818,150315,2905580,0,0,0,0,997564,600818,2905580,0,0,0,0
,187,"Gainesville, FL",187781,4482448,342245,26147004,9025350,27340132,0,0,0,0,4482448,26147004,27340132,0,0,0,0
,188,"Salinas, CA",184809,3004129,157681,23004357,1450844,13448843,0,0,0,0,3004129,23004357,13448843,0,0,0,0
,189,"Hagerstown, MD-WV-PA",182696,1141482,70106,0,711223,4794773,0,0,0,0,1141482,0,4794773,0,0,0,0
,190,"Deltona, FL",182169,1743945,112185,5331001,1115617,8081580,0,0,0,0,1743945,5331001,8081580,0,0,0,0
,191,"Lorain-Elyria, OH",180956,345545,26039,0,61151,1743182,0,0,0,0,345545,0,1743182,0,0,0,0
,192,"Spartanburg, SC",180786,1361861,71705,1410724,468227,4315453,0,0,0,0,1361861,1410724,4315453,0,0,0,0
,193,"Cedar Rapids, IA",177844,1402958,94708,6366930,1333692,9545604,0,0,0,0,1402958,6366930,9545604,0,0,0,0
,194,"Fargo, ND-MN",176676,2078651,166074,7894431,1922063,11675559,0,0,0,0,2078651,7894431,11675559,0,0,0,0
,195,"Olympia-Lacey, WA",176617,4940208,331739,23204265,4218643,40125611,0,0,0,0,4940208,23204265,40125611,0,0,0,0
,196,"Waco, TX",172378,1593394,90787,4698028,1287009,7284519,0,0,0,0,1593394,4698028,7284519,0,0,0,0
,197,"College Station-Bryan, TX",171345,820859,43351,1671824,233618,3772810,0,0,0,0,820859,1671824,3772810,0,0,0,0
,198,"McKinney, TX",170030,371834,12617,2046894,62865,445622,0,0,0,0,371834,2046894,445622,0,0,0,0
,199,"North Port-Port Charlotte, FL",169541,1185378,76157,2633385,381564,5957846,0,0,0,0,1185378,2633385,5957846,0,0,0,0
,200,"Gastonia, NC-SC",169495,766657,40822,0,234224,3854018,0,0,0,0,766657,0,3854018,0,0,0,0
,201,"Danbury, CT-NY",168136,6581320,248049,159919469,7613846,103540543,51,5199413,155702919,96265157,1381907,4216550,7275386,34.4,5199413,0,0
,202,"High Point, NC",166485,1250758,62305,4062115,1169175,5333912,0,0,0,0,1250758,4062115,5333912,0,0,0,0
,203,"Vallejo, CA",165074,1719306,116149,12877065,1487662,14402457,0,0,0,0,1719306,12877065,14402457,0,0,0,0
,204,"Santa Cruz, CA",163703,2521399,184160,23558633,3665924,33350660,0,0,0,0,2521399,23558633,33350660,0,0,0,0
,205,"Hemet, CA",163379,1276463,80538,4765311,569093,6804559,0,0,0,0,1276463,4765311,6804559,0,0,0,0
,206,"Springfield, IL",161316,2035420,147934,6005699,1573175,14823172,0,0,0,0,2035420,6005699,14823172,0,0,0,0
,207,"Muskegon, MI",161280,1408217,101751,8322,710247,7911970,0,0,0,0,1408217,8322,7911970,0,0,0,0
,208,"Clarksville, TN-KY",158655,1550315,97228,0,687534,6358724,0,0,0,0,1550315,0,6358724,0,0,0,0
,209,"Manchester, NH",158377,646729,55121,0,409319,4133475,0,0,0,0,646729,0,4133475,0,0,0,0
,210,"Binghamton, NY-PA",158084,1503606,122535,6670570,1829713,10198616,0,0,0,0,1503606,6670570,10198616,0,0,0,0
,211,"Ocala, FL",156909,617081,42134,0,396283,2726005,0,0,0,0,617081,0,2726005,0,0,0,0
,212,"Sioux Falls, SD",156777,1229165,113808,3781964,893965,8821168,0,0,0,0,1229165,3781964,8821168,0,0,0,0
,213,"Medford, OR",154081,1406031,97726,6976978,1232952,12621247,0,0,0,0,1406031,6976978,12621247,0,0,0,0
,214,"Charleston, WV",153199,2370856,145764,8078091,1632201,12769061,0,0,0,0,2370856,8078091,12769061,0,0,0,0
,215,"Port Arthur, TX",153150,383960,24390,102955,118072,2508419,0,0,0,0,383960,102955,2508419,0,0,0,0
,216,"Nampa, ID",151499,886311,56801,3896799,467755,4762405,0,0,0,0,886311,3896799,4762405,0,0,0,0
,217,"Topeka, KS",150003,1182824,87291,5338757,1310702,8040865,0,0,0,0,1182824,5338757,8040865,0,0,0,0
,218,"Ponce, PR",149539,751571,77280,1898730,1105467,3102846,0,0,0,0,751571,1898730,3102846,0,0,0,0
,219,"New Bedford, MA",149443,1135962,84722,4715393,1428692,9701646,0,0,0,0,1135962,4715393,9701646,0,0,0,0
,220,"Sebastian-Vero Beach South-Florida Ridge, FL",149422,1101234,63239,5130746,1146231,3727642,0,0,0,0,1101234,5130746,3727642,0,0,0,0
,221,"Spring Hill, FL",148220,507521,24891,476092,125644,1868566,0,0,0,0,507521,476092,1868566,0,0,0,0
,222,"Beaumont, TX",147922,856993,62677,1424468,416352,5185630,0,0,0,0,856993,1424468,5185630,0,0,0,0
,223,"Lafayette, IN",147725,1913560,153180,13426550,5032665,11669263,0,0,0,0,1913560,13426550,11669263,0,0,0,0
,224,"Champaign, IL",145361,3621488,321238,21746168,11637297,37178122,0,0,0,0,3621488,21746168,37178122,0,0,0,0
,225,"Marysville, WA",145140,976116,65831,4597699,794748,11233332,0,0,0,0,976116,4597699,11233332,0,0,0,0
,226,"Houma, LA",144875,363820,19393,0,151878,1946350,0,0,0,0,363820,0,1946350,0,0,0,0
,227,"Elkhart, IN-MI",143592,1003189,59916,2525719,481384,3306115,0,0,0,0,1003189,2525719,3306115,0,0,0,0
,228,"Lake Charles, LA",143440,233941,17335,0,283178,3195997,0,0,0,0,233941,0,3195997,0,0,0,0
,229,"Panama City, FL",143280,734444,54578,2825394,450219,3363614,0,0,0,0,734444,2825394,3363614,0,0,0,0
,230,"Frederick, MD",141576,1047220,73280,2800968,505632,6041086,0,0,0,0,1047220,2800968,6041086,0,0,0,0
,231,"Fredericksburg, VA",141238,906316,47963,1680232,289285,4256498,0,0,0,0,906316,1680232,4256498,0,0,0,0
,232,"Arecibo, PR",139171,616818,53383,1861620,479292,1341887,0,0,0,0,616818,1861620,1341887,0,0,0,0
,233,"Tuscaloosa, AL",139114,426319,28200,0,312941,2852417,0,0,0,0,426319,0,2852417,0,0,0,0
,234,"Macon, GA",137570,1119955,64260,0,592201,5639721,0,0,0,0,1119955,0,5639721,0,0,0,0
,235,"Merced, CA",136969,2047927,128287,7927385,964231,9190048,0,0,0,0,2047927,7927385,9190048,0,0,0,0
,236,"Pueblo, CO",136550,854233,59875,3307580,831954,5057060,0,0,0,0,854233,3307580,5057060,0,0,0,0
,237,"Harlingen, TX",135663,464739,20766,1344349,152248,1643922,0,0,0,0,464739,1344349,1643922,0,0,0,0
,238,"Yuma, AZ-CA",135267,1277961,47856,6603937,497104,2689446,0,0,0,0,1277961,6603937,2689446,0,0,0,0
,239,"Racine, WI",133700,1120907,90517,3472354,1004049,8218419,0,0,0,0,1120907,3472354,8218419,0,0,0,0
,240,"Fairfield, CA",133683,1021691,64994,2417665,578392,6976823,0,0,0,0,1021691,2417665,6976823,0,0,0,0
,241,"Murfreesboro, TN",133228,352932,27950,291364,278739,2080248,0,0,0,0,352932,291364,2080248,0,0,0,0
,243,"Bloomington-Normal, IL",132600,1672670,139274,6970509,2533469,12249546,0,0,0,0,1672670,6970509,12249546,0,0,0,0
,244,"Leesburg-Eustis-Tavares, FL",131337,1149861,72315,2908037,420433,5593708,0,0,0,0,1149861,2908037,5593708,0,0,0,0
,245,"Gainesville, GA",130846,350991,23668,0,150835,1289256,0,0,0,0,350991,0,1289256,0,0,0,0
,246,"Santa Maria, CA",130447,1790818,100246,11648244,1154907,6349452,0,0,0,0,1790818,11648244,6349452,0,0,0,0
,247,"Tyler, TX",130247,698500,47245,0,204758,2824684,0,0,0,0,698500,0,2824684,0,0,0,0
,248,"Yakima, WA",129534,1295705,83085,6213344,1046220,8375627,0,0,0,0,1295705,6213344,8375627,0,0,0,0
,249,"Athens-Clarke County, GA",128754,1841243,191030,11949207,7272198,13051687,0,0,0,0,1841243,11949207,13051687,0,0,0,0
,250,"Las Cruces, NM",128600,1332881,79758,1951627,657314,5106459,0,0,0,0,1332881,1951627,5106459,0,0,0,0
,251,"Grand Junction, CO",128124,1012156,66620,0,760788,3937643,0,0,0,0,1012156,0,3937643,0,0,0,0
,252,"Odessa, TX",126405,500770,32543,0,164228,2834230,0,0,0,0,500770,0,2834230,0,0,0,0
,253,"Saginaw, MI",126265,1067207,54830,3655401,477951,6104916,0,0,0,0,1067207,3655401,6104916,0,0,0,0
,254,"Simi Valley, CA",125206,536014,43953,0,307369,7190723,0,0,0,0,536014,0,7190723,0,0,0,0
,255,"Columbia, MO",124748,876996,80248,3191485,1104928,6932810,0,0,0,0,876996,3191485,6932810,0,0,0,0
,256,"Kenosha, WI-IL",124064,1250055,96364,4696433,1412751,7906830,1.7,17120,60486,319407,1232935,4635947,7587423,1.7,17120,0,0
,257,"Fort Smith, AR-OK",122947,441900,31222,0,278924,2104737,0,0,0,0,441900,0,2104737,0,0,0,0
,258,"Mauldin-Simpsonville, SC",120577,165476,8782,879459,83863,742730,0,0,0,0,165476,879459,742730,0,0,0,0
,259,"Johnson City, TN",120415,1144831,76584,430549,678463,4549134,0,0,0,0,1144831,430549,4549134,0,0,0,0
,260,"Duluth, MN-WI",120378,2342895,179909,10904976,2683183,18398951,0,0,0,0,2342895,10904976,18398951,0,0,0,0
,261,"Burlington, NC",119911,1354677,67231,3758981,262088,3478992,0,0,0,0,1354677,3758981,3478992,0,0,0,0
,262,"South Lyon-Howell, MI",119509,908103,42755,679631,140510,2997348,0,0,0,0,908103,679631,2997348,0,0,0,0
,263,"San Germán-Cabo Rojo-Sabana Grande, PR",118199,210180,20457,796083,187653,294479,0,0,0,0,210180,796083,294479,0,0,0,0
,264,"Greeley, CO",117825,694363,54199,34321,830204,4704051,0,0,0,0,694363,34321,4704051,0,0,0,0
,265,"Midland, TX",117807,500772,32545,0,164229,2834228,0,0,0,0,500772,0,2834228,0,0,0,0
,266,"Greenville, NC",117798,655800,39107,0,553935,2812565,0,0,0,0,655800,0,2812565,0,0,0,0
,267,"Redding, CA",117731,881153,52555,4206058,560408,5299845,0,0,0,0,881153,4206058,5299845,0,0,0,0
,268,"Utica, NY",117328,797696,69236,2941171,880506,8619606,0,0,0,0,797696,2941171,8619606,0,0,0,0
,269,"Leominster-Fitchburg, MA",116960,4082539,211001,6954385,1009377,18082578,0,0,0,0,4082539,6954385,18082578,0,0,0,0
,270,"Yuba City, CA",116719,1110959,76997,7133629,902779,6774069,0,0,0,0,1110959,7133629,6774069,0,0,0,0
,271,"Lynchburg, VA",116636,1251351,94893,8853261,2018554,8090443,0,0,0,0,1251351,8853261,8090443,0,0,0,0
,272,"Monroe, LA",116533,623071,41059,0,760350,6872402,0,0,0,0,623071,0,6872402,0,0,0,0
,273,"Billings, MT",114773,747217,53749,2066747,470975,5269489,0,0,0,0,747217,2066747,5269489,0,0,0,0
,274,"Boulder, CO",114591,3429283,268770,27213337,6213934,32965927,0,0,0,0,3429283,27213337,32965927,0,0,0,0
,275,"Bellingham, WA",114473,3348824,233672,15735526,4703865,31916725,0,0,0,0,3348824,15735526,31916725,0,0,0,0
,276,"Seaside-Monterey, CA",114237,2604091,160146,13293068,2094467,20202324,0,0,0,0,2604091,13293068,20202324,0,0,0,0
,277,"Kailua (Honolulu County)-Kaneohe, HI",113682,555880,34643,2689295,478800,3854325,0,0,0,0,555880,2689295,3854325,0,0,0,0
,278,"Waterloo, IA",113418,928244,58757,0,404918,5198551,0,0,0,0,928244,0,5198551,0,0,0,0
,279,"Lady Lake-The Villages, FL",112991,50940,3334,67405,5819,195453,0,0,0,0,50940,67405,195453,0,0,0,0
,280,"Dover, DE",110769,2537309,154939,6484873,1034954,18979314,0,0,0,0,2537309,6484873,18979314,0,0,0,0
,281,"St. Cloud, MN",110621,2115032,154225,6493044,1680763,14109166,0,0,0,0,2115032,6493044,14109166,0,0,0,0
,282,"Abilene, TX",110421,869399,68240,0,394524,3894093,0,0,0,0,869399,0,3894093,0,0,0,0
,283,"Waldorf, MD",109919,1185335,66443,4142433,584592,4669302,0,0,0,0,1185335,4142433,4669302,0,0,0,0
,284,"Mayagüez, PR",109572,1122700,149073,2731576,1014671,3589696,0,0,0,0,1122700,2731576,3589696,0,0,0,0
,285,"Burlington, VT",108740,1934808,116261,10523041,2382373,13533404,0,0,0,0,1934808,10523041,13533404,0,0,0,0
,286,"Bloomington, IN",108657,1152281,110468,6821747,3197637,7853249,0,0,0,0,1152281,6821747,7853249,0,0,0,0
,287,"Pottstown, PA",107682,275759,21952,272373,229253,2197299,0,0,0,0,275759,272373,2197299,0,0,0,0
,288,"Rochester, MN",107677,1941977,132686,7958076,2155230,11221992,0,0,0,0,1941977,7958076,11221992,0,0,0,0
,289,"El Centro-Calexico, CA",107672,2017056,87046,18710493,1001598,6388138,0,0,0,0,2017056,18710493,6388138,0,0,0,0
,290,"Iowa City, IA",106621,2040343,193440,10069270,5513111,13179187,0,0,0,0,2040343,10069270,13179187,0,0,0,0
,291,"Kingsport, TN-VA",106571,692998,43367,362432,184294,2295478,0,0,0,0,692998,362432,2295478,0,0,0,0
,292,"Sioux City, IA-NE-SD",106494,852177,63953,3957513,877835,5476061,0,0,0,0,852177,3957513,5476061,0,0,0,0
,293,"Texas City, TX",106383,647630,31639,0,144209,3029042,0,0,0,0,647630,0,3029042,0,0,0,0
,294,"Jacksonville, NC",105419,761532,45189,0,167459,1812482,0,0,0,0,761532,0,1812482,0,0,0,0
,295,"Rock Hill, SC",104996,138724,9120,0,16596,371499,0,0,0,0,138724,0,371499,0,0,0,0
,296,"Norman, OK",103898,643734,54654,0,1108687,4567212,0,0,0,0,643734,0,4567212,0,0,0,0
,297,"Eau Claire, WI",102852,1263870,82449,2672743,972200,5626236,0,0,0,0,1263870,2672743,5626236,0,0,0,0
,298,"La Crosse, WI-MN",100868,1408262,98508,2836138,977113,6554247,0,0,0,0,1408262,2836138,6554247,0,0,0,0
,299,"Holland, MI",99941,932933,69033,1782114,412143,4847699,0,0,0,0,932933,1782114,4847699,0,0,0,0
,300,"Turlock, CA",99904,469334,39007,1124137,260819,3548669,0,0,0,0,469334,1124137,3548669,0,0,0,0
,301,"Wichita Falls, TX",99437,575830,38917,0,447523,2425808,0,0,0,0,575830,0,2425808,0,0,0,0
,302,"Longview, TX",98884,357684,23350,0,243183,1793456,0,0,0,0,357684,0,1793456,0,0,0,0
,303,"Gilroy-Morgan Hill, CA",98413,173969,15411,687685,188906,3008837,0,0,0,0,173969,687685,3008837,0,0,0,0
,304,"Coeur d'Alene, ID",98378,296375,18343,0,182513,1133803,0,0,0,0,296375,0,1133803,0,0,0,0
,305,"St. George, UT",98370,376181,28322,0,388984,1731062,0,0,0,0,376181,0,1731062,0,0,0,0
,306,"Chico, CA",98176,1124596,89458,4634794,963091,7677033,0,0,0,0,1124596,4634794,7677033,0,0,0,0
,307,"Salisbury, MD-DE",98081,1783931,75870,6971855,289335,5894610,0,0,0,0,1783931,6971855,5894610,0,0,0,0
,308,"Middletown, OH",97503,226748,16582,0,145176,1029570,0,0,0,0,226748,0,1029570,0,0,0,0
,309,"Albany, GA",95779,746895,46127,4110433,773757,4235167,0,0,0,0,746895,4110433,4235167,0,0,0,0
,310,"Vineland, NJ",95259,505585,32034,502715,94253,2663891,0,0,0,0,505585,502715,2663891,0,0,0,0
,311,"Logan, UT",94983,853493,58893,4218669,1295653,5584142,0,0,0,0,853493,4218669,5584142,0,0,0,0
,312,"Lawton, OK",94457,599531,43107,0,346742,2627437,0,0,0,0,599531,0,2627437,0,0,0,0
,313,"Decatur, IL",93863,1059277,76652,3269960,1120171,7717016,0,0,0,0,1059277,3269960,7717016,0,0,0,0
,314,"Vacaville, CA",93141,567837,39722,302859,388376,2962666,0,0,0,0,567837,302859,2962666,0,0,0,0
,315,"San Angelo, TX",92984,751814,40962,1895874,254621,3310517,0,0,0,0,751814,1895874,3310517,0,0,0,0
,316,"Terre Haute, IN",92742,449038,37944,481129,237867,2734315,0,0,0,0,449038,481129,2734315,0,0,0,0
,317,"Charlottesville, VA",92359,1426307,143219,1675734,1441516,10768960,0,0,0,0,1426307,1675734,10768960,0,0,0,0
,318,"Slidell, LA",91151,284741,15337,0,37710,991085,0,0,0,0,284741,0,991085,0,0,0,0
,319,"Yauco, PR",90899,517712,41899,1086105,300294,764641,0,0,0,0,517712,1086105,764641,0,0,0,0
,320,"Longmont, CO",90897,976494,76489,4652554,1177170,6064168,0,0,0,0,976494,4652554,6064168,0,0,0,0
,322,"Muncie, IN",90580,967535,72755,5023029,1408230,7119134,0,0,0,0,967535,5023029,7119134,0,0,0,0
,323,"Temple, TX",90390,329442,25014,794201,129308,2216452,0,0,0,0,329442,794201,2216452,0,0,0,0
,324,"Jackson, MI",90057,543274,39668,1574862,517709,4193073,0,0,0,0,543274,1574862,4193073,0,0,0,0
,325,"Florence, SC",89557,305566,18409,0,138689,1539081,0,0,0,0,305566,0,1539081,0,0,0,0
,326,"Santa Fe, NM",89284,1299026,105578,3027086,918761,9910395,0,0,0,0,1299026,3027086,9910395,0,0,0,0
,327,"Mandeville-Covington, LA",88925,242874,12983,0,31921,846049,0,0,0,0,242874,0,846049,0,0,0,0
,328,"Blacksburg, VA",88542,1851544,157086,8273952,4975537,11427829,0,0,0,0,1851544,8273952,11427829,0,0,0,0
,329,"Portsmouth, NH-ME",88200,614736,40551,2062459,623896,4311491,0,0,0,0,614736,2062459,4311491,0,0,0,0
,330,"Anderson, IN",88133,434687,32479,0,237451,2693139,0,0,0,0,434687,0,2693139,0,0,0,0
,331,"Dover-Rochester, NH-ME",88087,377625,24916,1323470,330540,2655392,0,0,0,0,377625,1323470,2655392,0,0,0,0
,332,"Lawrence, KS",88053,1636229,154642,5072018,2846998,10335000,0,0,0,0,1636229,5072018,10335000,0,0,0,0
,333,"Hanford, CA",87941,2028070,80026,17867209,975497,5657708,0,0,0,0,2028070,17867209,5657708,0,0,0,0
,334,"Tracy, CA",87569,1363204,65906,5675081,350258,5642695,0,0,0,0,1363204,5675081,5642695,0,0,0,0
,335,"State College, PA",87454,2971095,188097,26538304,6602752,18547853,0,0,0,0,2971095,26538304,18547853,0,0,0,0
,336,"Port Huron, MI",87106,1862723,131379,6878476,1310161,9749853,0,0,0,0,1862723,6878476,9749853,0,0,0,0
,337,"Springfield, OH",85256,253893,19483,0,174987,1941501,0,0,0,0,253893,0,1941501,0,0,0,0
,339,"Fajardo, PR",85225,763563,52219,6366930,733213,6630582,21.1,28496,3042886,5110967,735067,3324044,1519615,0,0,0,0
,342,"Napa, CA",83913,1506448,94992,6935589,910074,9296140,0,0,0,0,1506448,6935589,9296140,0,0,0,0
,343,"Alton, IL-MO",83890,446935,26420,1565099,237925,2635951,0,0,0,0,446935,1565099,2635951,0,0,0,0
,344,"Bend, OR",83794,591260,47385,1715535,465368,3685568,0,0,0,0,591260,1715535,3685568,0,0,0,0
,345,"Manteca, CA",83578,400044,22408,1608419,113137,2734238,0,0,0,0,400044,1608419,2734238,0,0,0,0
,346,"Alexandria, LA",82804,534190,40355,0,588846,3174600,0,0,0,0,534190,0,3174600,0,0,0,0
,347,"Joplin, MO",82775,312491,23368,0,118171,1306288,0,0,0,0,312491,0,1306288,0,0,0,0
,348,"Missoula, MT",82157,996060,78179,3708336,1838334,7212658,0,0,0,0,996060,3708336,7212658,0,0,0,0
,349,"Bismarck, ND",81955,869850,59426,0,211147,4095096,0,0,0,0,869850,0,4095096,0,0,0,0
,350,"Kankakee, IL",81926,1135595,71374,5203866,653181,6771290,0,0,0,0,1135595,5203866,6771290,0,0,0,0
,351,"Livermore, CA",81624,344598,27862,1011954,214469,2388844,0,0,0,0,344598,1011954,2388844,0,0,0,0
,352,"Rapid City, SD",81251,539961,41364,0,493541,2525876,0,0,0,0,539961,0,2525876,0,0,0,0
,353,"Wheeling, WV-OH",81249,771805,56402,1335164,379457,4279077,0,0,0,0,771805,1335164,4279077,0,0,0,0
,354,"St. Joseph, MO-KS",81176,803847,64332,0,427563,5408711,0,0,0,0,803847,0,5408711,0,0,0,0
,355,"Homosassa Springs-Beverly Hills-Citrus Springs, FL",80962,270010,14461,157336,42755,979062,0,0,0,0,270010,157336,979062,0,0,0,0
,356,"Juana Díaz, PR",80928,171117,14472,495975,177525,175778,0,0,0,0,171117,495975,175778,0,0,0,0
,357,"Hattiesburg, MS",80358,346491,23830,0,130575,1742751,0,0,0,0,346491,0,1742751,0,0,0,0
,358,"Guayama, PR",80155,205107,18567,910041,218991,277497,0,0,0,0,205107,910041,277497,0,0,0,0
,359,"Altoona, PA",79930,620437,47343,1692193,567624,4941354,0,0,0,0,620437,1692193,4941354,0,0,0,0
,360,"Anniston-Oxford, AL",79796,318076,25671,0,161519,1267236,0,0,0,0,318076,0,1267236,0,0,0,0
,361,"Lafayette-Louisville-Erie, CO",79407,226653,17054,932996,227196,1324523,0,0,0,0,226653,932996,1324523,0,0,0,0
,362,"Madera, CA",78413,404351,31351,517412,122519,2208353,0,0,0,0,404351,517412,2208353,0,0,0,0
,363,"Battle Creek, MI",78393,697912,43165,815653,425888,4378098,0,0,0,0,697912,815653,4378098,0,0,0,0
,364,"Bowling Green, KY",78306,270252,23084,0,99954,1625586,0,0,0,0,270252,0,1625586,0,0,0,0
,365,"Texarkana-Texarkana, TX-AR",78162,372469,29031,0,309823,1714763,0,0,0,0,372469,0,1714763,0,0,0,0
,366,"Lebanon, PA",77086,780210,46731,2054963,363458,4391428,0,0,0,0,780210,2054963,4391428,0,0,0,0
,368,"Florence, AL",77074,324818,22480,630761,69986,833014,0,0,0,0,324818,630761,833014,0,0,0,0
,369,"Newark, OH",76068,689957,33896,704993,76150,1707607,0,0,0,0,689957,704993,1707607,0,0,0,0
,370,"Anderson, SC",75702,195758,11942,0,265629,718517,0,0,0,0,195758,0,718517,0,0,0,0
,371,"Williamsburg, VA",75689,1074271,76817,4710587,1949889,5995884,0,0,0,0,1074271,4710587,5995884,0,0,0,0
,372,"Mansfield, OH",75250,361530,29822,0,200150,2061835,0,0,0,0,361530,0,2061835,0,0,0,0
,373,"Lake Jackson-Angleton, TX",74830,312364,16523,69381,82849,1243136,0,0,0,0,312364,69381,1243136,0,0,0,0
,374,"Auburn, AL",74741,425036,29733,0,83898,1292071,0,0,0,0,425036,0,1292071,0,0,0,0
,375,"Wausau, WI",74632,395979,28569,0,472675,3270530,0,0,0,0,395979,0,3270530,0,0,0,0
,376,"Oshkosh, WI",74495,823531,52062,1818791,811501,4346890,0,0,0,0,823531,1818791,4346890,0,0,0,0
,377,"Cheyenne, WY",73588,399683,30411,0,161521,1619945,0,0,0,0,399683,0,1619945,0,0,0,0
,378,"Watsonville, CA",73534,795131,66433,6376042,1450988,12080242,0,0,0,0,795131,6376042,12080242,0,0,0,0
,379,"Elizabethtown-Radcliff, KY",73467,1790146,86763,3675765,173878,3133570,0,0,0,0,1790146,3675765,3133570,0,0,0,0
,380,"Sumter, SC",73107,234805,13186,693101,68961,1170586,0,0,0,0,234805,693101,1170586,0,0,0,0
,381,"Lima, OH",72852,418297,28659,0,258230,2660929,0,0,0,0,418297,0,2660929,0,0,0,0
,382,"Davis, CA",72794,1222310,98604,9719985,3904087,8335447,0,0,0,0,1222310,9719985,8335447,0,0,0,0
,383,"Westminster-Eldersburg, MD",72714,462568,40783,0,92834,1511075,0,0,0,0,462568,0,1511075,0,0,0,0
,384,"Flagstaff, AZ",71957,1072314,82789,9913588,2564520,8589323,0,0,0,0,1072314,9913588,8589323,0,0,0,0
,385,"Jackson, TN",71880,803887,51022,2489004,446803,3423942,0,0,0,0,803887,2489004,3423942,0,0,0,0
,386,"Camarillo, CA",71772,381835,33605,0,174558,2003838,0,0,0,0,381835,0,2003838,0,0,0,0
,387,"Florida-Imbéry-Barceloneta, PR",71747,208346,30176,144837,115345,932278,0,0,0,0,208346,144837,932278,0,0,0,0
,388,"Sheboygan, WI",71313,698750,50368,0,712577,3975494,0,0,0,0,698750,0,3975494,0,0,0,0
,389,"Weirton-Steubenville, WV-OH-PA",70889,423121,30226,0,218333,1834163,0,0,0,0,423121,0,1834163,0,0,0,0
,390,"Bay City, MI",70585,905509,48974,2249198,338866,5246301,0,0,0,0,905509,2249198,5246301,0,0,0,0
,391,"Owensboro, KY",70543,740198,56561,513325,343670,3212078,0,0,0,0,740198,513325,3212078,0,0,0,0
,392,"Decatur, AL",70436,395331,22876,453014,91543,950311,0,0,0,0,395331,453014,950311,0,0,0,0
,393,"Morgantown, WV",70350,1821426,156540,2788434,2340979,11175647,6.3,467889,2788434,5823917,1353537,0,5351730,6.3,467889,0,0
,394,"Porterville, CA",70272,961142,45958,7370818,580558,2874358,0,0,0,0,961142,7370818,2874358,0,0,0,0
,395,"Pocatello, ID",69809,468302,35359,0,236811,1511832,0,0,0,0,468302,0,1511832,0,0,0,0
,396,"Janesville, WI",69658,459540,30514,0,433984,3506419,0,0,0,0,459540,0,3506419,0,0,0,0
,397,"Bristol-Bristol, TN-VA",69501,455940,37948,118126,143849,1441259,0,0,0,0,455940,118126,1441259,0,0,0,0
,398,"Winchester, VA",69449,190391,17721,0,134832,1073175,0,0,0,0,190391,0,1073175,0,0,0,0
,399,"St. Augustine, FL",69173,733327,46724,0,262861,2420018,0,0,0,0,733327,0,2420018,0,0,0,0
,400,"Johnstown, PA",69014,788819,69051,3204701,1100896,7775874,0.3,2632,11187,774602,786187,3193514,7001272,0.3,2632,0,0
,401,"Hilton Head Island, SC",68998,134597,9931,0,69766,883854,0,0,0,0,134597,0,883854,0,0,0,0
,402,"Dothan, AL",68781,587437,38293,0,73579,1430146,0,0,0,0,587437,0,1430146,0,0,0,0
,403,"Lodi, CA",68738,439641,37514,314398,311372,4120018,0,0,0,0,439641,314398,4120018,0,0,0,0
,404,"DeKalb, IL",68545,895242,73381,1110139,640902,5228267,0,0,0,0,895242,1110139,5228267,0,0,0,0
,405,"West Bend, WI",68444,1201132,80022,757418,176643,2994436,0,0,0,0,1201132,757418,2994436,0,0,0,0
,406,"Rocky Mount, NC",68243,996976,52685,0,325831,2453260,0,0,0,0,996976,0,2453260,0,0,0,0
,407,"Elmira, NY",67983,567527,30961,0,385715,4098331,0,0,0,0,567527,0,4098331,0,0,0,0
,408,"Carbondale, IL",67821,1416327,89268,4016996,607677,4564258,0,0,0,0,1416327,4016996,4564258,0,0,0,0
,409,"Dubuque, IA-IL",67818,757909,60665,0,488318,4129125,0,0,0,0,757909,0,4129125,0,0,0,0
,410,"Hammond, LA",67629,183135,9418,0,36549,492947,0,0,0,0,183135,0,492947,0,0,0,0
,411,"Parkersburg, WV-OH",67229,653729,46094,0,492591,3559774,0,0,0,0,653729,0,3559774,0,0,0,0
,412,"Wenatchee, WA",67227,2070406,108118,11001473,1005499,14385361,0,0,0,0,2070406,11001473,14385361,0,0,0,0
,413,"Harrisonburg, VA",66784,738854,75663,4452329,2120458,4956323,0,0,0,0,738854,4452329,4956323,0,0,0,0
,414,"Cleveland, TN",66777,366712,32794,0,169325,1325216,0,0,0,0,366712,0,1325216,0,0,0,0
,415,"Zephyrhills, FL",66609,333457,18013,937251,140105,1358859,0,0,0,0,333457,937251,1358859,0,0,0,0
,416,"Hanover, PA",66301,619639,35771,1695811,260742,2577722,0,0,0,0,619639,1695811,2577722,0,0,0,0
,417,"Monessen-California, PA",66086,512391,28546,2928909,191557,2731317,0,0,0,0,512391,2928909,2731317,0,0,0,0
,418,"Michigan City-La Porte, IN-MI",66025,422675,30763,0,220378,2004456,0,0,0,0,422675,0,2004456,0,0,0,0
,419,"Glens Falls, NY",65443,348172,20822,0,294705,1751187,0,0,0,0,348172,0,1751187,0,0,0,0
,420,"Jonesboro, AR",65419,421689,23182,0,139710,1029331,0,0,0,0,421689,0,1029331,0,0,0,0
,422,"Great Falls, MT",65207,624598,50408,1317910,441765,3559078,0,0,0,0,624598,1317910,3559078,0,0,0,0
,423,"El Paso de Robles (Paso Robles)-Atascadero, CA",65088,709424,32540,4540054,317112,3323455,0,0,0,0,709424,4540054,3323455,0,0,0,0
,424,"Casper, WY",64548,459074,40389,0,213403,2050034,0,0,0,0,459074,0,2050034,0,0,0,0
,425,"Fairbanks, AK",64513,650564,42853,152632,422336,7239177,8.6,9738,152632,453996,640826,0,6785181,8.6,9738,0,0
,426,"Gadsden, AL",64172,343208,25374,0,105904,937473,0,0,0,0,343208,0,937473,0,0,0,0
,427,"Saratoga Springs, NY",64100,419318,29247,596750,122429,1944225,0,0,0,0,419318,596750,1944225,0,0,0,0
,428,"Petaluma, CA",64078,520106,41438,1752250,438865,4518454,0,0,0,0,520106,1752250,4518454,0,0,0,0
,429,"Twin Rivers-Hightstown, NJ",64037,49475,2843,0,16380,317288,0,0,0,0,49475,0,317288,0,0,0,0
,430,"Beckley, WV",64022,262978,20013,0,42826,931020,0,0,0,0,262978,0,931020,0,0,0,0
,431,"Longview, WA-OR",63952,511486,48970,1606052,390598,4834676,0,0,0,0,511486,1606052,4834676,0,0,0,0
,432,"Beloit, WI-IL",63835,399576,28182,152017,133273,2611233,0,0,0,0,399576,152017,2611233,0,0,0,0
,433,"Los Lunas, NM",63758,237334,14085,293789,38749,1207503,0,0,0,0,237334,293789,1207503,0,0,0,0
,434,"Victoria, TX",63683,747567,42444,0,230899,2657552,0,0,0,0,747567,0,2657552,0,0,0,0
,435,"Mount Vernon, WA",62966,2292722,122809,8702037,754572,13044489,0,0,0,0,2292722,8702037,13044489,0,0,0,0
,436,"Corvallis, OR",62433,852503,57759,0,1203016,4215871,0,0,0,0,852503,0,4215871,0,0,0,0
,437,"Kokomo, IN",62182,610895,47062,1929204,461187,2449992,0,0,0,0,610895,1929204,2449992,0,0,0,0
,438,"Sherman, TX",61900,692816,23395,2971667,96462,1989450,0,0,0,0,692816,2971667,1989450,0,0,0,0
,440,"Grand Forks, ND-MN",61270,614603,56221,1143995,290323,3766786,0,0,0,0,614603,1143995,3766786,0,0,0,0
,441,"Bangor, ME",61210,651255,51562,0,777422,3399333,0,0,0,0,651255,0,3399333,0,0,0,0
,442,"Goldsboro, NC",61054,473310,29773,0,222948,1688567,0,0,0,0,473310,0,1688567,0,0,0,0
,443,"Benton Harbor-St. Joseph-Fair Plain, MI",61022,534677,45761,0,233809,2334027,0,0,0,0,534677,0,2334027,0,0,0,0
,444,"Rome, GA",60851,639412,40585,5119084,1113342,3327417,0,0,0,0,639412,5119084,3327417,0,0,0,0
,445,"Ames, IA",60438,1324352,130834,9894266,6121023,11115868,0,0,0,0,1324352,9894266,11115868,0,0,0,0
,446,"Lewiston, ME",59397,303501,23781,84702,332799,2056110,0,0,0,0,303501,84702,2056110,0,0,0,0
,447,"San Luis Obispo, CA",59219,957153,62760,5916808,1254431,6255405,0,0,0,0,957153,5916808,6255405,0,0,0,0
,448,"Pittsfield, MA",59124,844083,52340,3410904,378408,4610055,0,0,0,0,844083,3410904,4610055,0,0,0,0
,449,"Morristown, TN",59036,215753,13260,0,25465,481070,0,0,0,0,215753,0,481070,0,0,0,0
,450,"Midland, MI",59014,543848,32394,141653,118869,2296109,0,0,0,0,543848,141653,2296109,0,0,0,0
,451,"Lexington Park-California-Chesapeake Ranch Estates, MD",58875,734166,35611,0,227220,1830269,0,0,0,0,734166,0,1830269,0,0,0,0
,452,"Jefferson City, MO",58533,511632,33463,0,264746,2308816,0,0,0,0,511632,0,2308816,0,0,0,0
,453,"Middletown, NY",58381,153741,13003,0,67665,1125650,0,0,0,0,153741,0,1125650,0,0,0,0
,454,"Carson City, NV",58079,351481,26468,446694,211533,1696111,0,0,0,0,351481,446694,1696111,0,0,0,0
,455,"Watertown, NY",57840,143073,12945,0,134581,1079774,0,0,0,0,143073,0,1079774,0,0,0,0
,456,"Mankato, MN",57584,426368,39889,0,676028,3458845,0,0,0,0,426368,0,3458845,0,0,0,0
,458,"Daphne-Fairhope, AL",57383,36611,2107,180795,10969,229055,0,0,0,0,36611,180795,229055,0,0,0,0
,459,"Albany, OR",56997,237143,16231,0,134813,1648023,0,0,0,0,237143,0,1648023,0,0,0,0
,460,"Hazleton, PA",56827,419177,31449,0,199297,2363463,0,0,0,0,419177,0,2363463,0,0,0,0
,461,"Staunton-Waynesboro, VA",56611,352754,20886,0,220378,985997,0,0,0,0,352754,0,985997,0,0,0,0
,462,"Williamsport, PA",56142,926025,58794,6584047,1314850,8177831,0,0,0,0,926025,6584047,8177831,0,0,0,0
,463,"Kahului, HI",55934,2194796,137298,15451545,1577800,16004693,0,0,0,0,2194796,15451545,16004693,0,0,0,0
,464,"Walla Walla, WA-OR",55805,579050,45592,0,673694,5792771,0,0,0,0,579050,0,5792771,0,0,0,0
,465,"Woodland, CA",55513,617195,31901,3353530,312527,3673308,0,0,0,0,617195,3353530,3673308,0,0,0,0
,466,"Hot Springs, AR",55121,216899,15572,0,168627,1542658,0,0,0,0,216899,0,1542658,0,0,0,0
,467,"Columbus, IN",54933,362502,30234,0,228818,1872247,0,0,0,0,362502,0,1872247,0,0,0,0
,468,"Fond du Lac, WI",54901,351649,29536,0,202688,1886729,0,0,0,0,351649,0,1886729,0,0,0,0
,469,"Manhattan, KS",54622,553129,40706,0,245663,2018596,0,0,0,0,553129,0,2018596,0,0,0,0
,470,"Titusville, FL",54386,447030,23920,2076905,251922,2211150,0,0,0,0,447030,2076905,2211150,0,0,0,0
,471,"Delano, CA",54372,146867,15743,49030,83705,1741524,0,0,0,0,146867,49030,1741524,0,0,0,0
,472,"East Stroudsburg, PA-NJ",54316,854215,42816,1886536,175986,3217654,0,0,0,0,854215,1886536,3217654,0,0,0,0
,473,"Ithaca, NY",53661,1663064,124931,9536833,3334688,12835805,0,0,0,0,1663064,9536833,12835805,0,0,0,0
,474,"Bloomsburg-Berwick, PA",53618,428500,22450,509129,35834,835779,0,0,0,0,428500,509129,835779,0,0,0,0
,475,"Pine Bluff, AR",53495,204834,16038,0,60572,854687,0,0,0,0,204834,0,854687,0,0,0,0
,477,"Farmington, NM",53049,308573,20549,34985,126131,1160583,0,0,0,0,308573,34985,1160583,0,0,0,0
,478,"Cape Girardeau, MO-IL",52900,1008135,62317,0,461593,2148265,0,0,0,0,1008135,0,2148265,0,0,0,0
,479,"San Marcos, TX",52826,1205199,92507,6914217,3047072,6243299,0,0,0,0,1205199,6914217,6243299,0,0,0,0
,480,"Sierra Vista, AZ",52745,152109,12022,0,146271,952243,0,0,0,0,152109,0,952243,0,0,0,0
,482,"Arroyo Grande-Grover Beach, CA",52000,631877,30314,3842537,355643,3672395,0,0,0,0,631877,3842537,3672395,0,0,0,0
,483,"Lewiston, ID-WA",51924,476286,27010,0,166266,2248365,0,0,0,0,476286,0,2248365,0,0,0,0
,484,"Cumberland, MD-WV-PA",51899,337301,24189,0,198489,1787773,0,0,0,0,337301,0,1787773,0,0,0,0
,485,"Lompoc, CA",51509,312718,23766,228635,143876,2161914,0,0,0,0,312718,228635,2161914,0,0,0,0
,486,"Hinesville, GA",51456,104510,9324,0,20333,819893,0,0,0,0,104510,0,819893,0,0,0,0
,487,"Uniontown-Connellsville, PA",51370,1277213,61892,2720952,222921,3875472,0,0,0,0,1277213,2720952,3875472,0,0,0,0
,489,"Villas, NJ",51291,551673,41638,0,108603,4059908,0,0,0,0,551673,0,4059908,0,0,0,0
,490,"Monroe, MI",51240,607390,42992,1563044,389495,3507610,0,0,0,0,607390,1563044,3507610,0,0,0,0
,492,"Danville, IL-IN",50996,597639,27938,0,589695,3185619,0,0,0,0,597639,0,3185619,0,0,0,0
,494,"Grants Pass, OR",50520,260202,17727,0,187916,1368790,0,0,0,0,260202,0,1368790,0,0,0,0
,495,"New Bern, NC",50503,244855,17434,0,36252,589953,0,0,0,0,244855,0,589953,0,0,0,0
,496,"Grand Island, NE",50440,142691,13522,0,27608,591650,0,0,0,0,142691,0,591650,0,0,0,0
,497,"Pascagoula, MS",50428,39374,1125,242026,6066,52265,0,0,0,0,39374,242026,52265,0,0,0,0
,600,"Virgin Islands, VI",106405,641838,60517,0,306109,4954345,0,0,0,0,641838,0,4954345,0,0,0,0
,601,"Lake Tahoe, CA-NV",210000,918207,53473,2647523,569197,8205361,0,0,0,0,918207,2647523,8205361,0,0,0,0
,602,"Galveston, TX",54770,493440,42161,0,407979,3826021,0,0,0,0,493440,0,3826021,0,0,0,0
