UACE CD,UZA Name,UZA Population,Total Vehicle Revenue Miles,Total Vehicle Revenue Hours,Total Passenger Miles Traveled,Total Unlinked Passenger Trips,Total Operating Expenses,Fixed Guideway Directional Route Miles,Fixed Guideway Vehicle Revenue Miles,Fixed Guideway Passenger Miles,Fixed Guideway Operating Expenses,Non-Fixed Guideway Vehicle Revenue Miles,Non-Fixed Guideway Passenger Miles,Non-Fixed Guideway Operating Expenses,Fixed Guideway Directional Route Miles >= 7 Years,Fixed Guideway Vehicle Revenue Miles >= 7 Years,High Intensity Bus Directional Route Miles >= 7 Years,High Intensity Bus Vehicle Revenue Miles >= 7 Years
1,Alabama Non-UZA,,5324637,316917,988689,811715,18349958,0.0,0,0,0,1894330,988689,6495410,0.0,0,0.0,0
2,Alaska Non-UZA,,3204488,177586,18891751,1486127,65868622,650.7,810611,18891751,41098158,806832,0,5462509,650.7,810611,0.0,0
4,Arizona Non-UZA,,7456854,329372,12380036,1395626,27115396,0.0,0,0,0,5454832,12380036,18316647,0.0,0,0.0,0
5,Arkansas Non-UZA,,11949810,578106,0,870649,38583103,0.0,0,0,0,4567257,0,20826018,0.0,0,0.0,0
6,California Non-UZA,,24880080,1415397,45615966,9699041,197608246,0.0,0,0,0,13267502,45615966,113262841,0.0,0,0.0,0
8,Colorado Non-UZA,,19478144,1287713,350241,19131738,139404794,0.0,0,0,0,531135,350241,2366852,0.0,0,0.0,0
9,Connecticut Non-UZA,,1991507,133075,3398611,1582957,11318974,0.0,0,0,0,1482829,3398611,9163746,0.0,0,0.0,0
10,Delaware Non-UZA,,3731179,215173,12840898,1069794,35601349,12.3,26820,4596741,8641103,3704359,8244157,26960246,0.0,0,0.0,0
12,Florida Non-UZA,,15097862,811106,18144305,4004197,73122501,0.0,0,0,0,6397463,18144305,41806260,0.0,0,0.0,0
13,Georgia Non-UZA,,11212919,650528,0,1080233,35721003,0.0,0,0,0,291905,0,1205874,0.0,0,0.0,0
15,Hawaii Non-UZA,,6496153,330338,3522619,2194280,48807355,0.0,0,0,0,573022,3522619,5521594,0.0,0,0.0,0
16,Idaho Non-UZA,,3707571,155827,2321969,1278816,14246558,0.0,0,0,0,2286145,2321969,7889067,0.0,0,0.0,0
17,Illinois Non-UZA,,18429505,992093,2015435,3720036,89090600,0.0,0,0,0,1561771,2015435,8766194,0.0,0,0.0,0
18,Indiana Non-UZA,,8171142,562560,158519,1358142,32956507,0.0,0,0,0,355250,158519,1291355,0.0,0,0.0,0
19,Iowa Non-UZA,,11921029,814215,700039,2925193,49482683,0.0,0,0,0,770581,700039,5699301,0.0,0,0.0,0
20,Kansas Non-UZA,,7018273,409192,0,1228644,24543094,0.0,0,0,0,522051,0,2487239,0.0,0,0.0,0
21,Kentucky Non-UZA,,23345731,1647767,1900642,1917113,79080360,0.0,0,0,0,1502437,1900642,5485391,0.0,0,0.0,0
22,Louisiana Non-UZA,,4745772,290222,0,407421,14754400,0.7,0,0,0,252546,0,1439683,0.7,0,0.0,0
23,Maine Non-UZA,,9150620,366556,4578945,1940234,60640615,31.8,197670,3938481,3625130,4766075,640464,21153038,31.8,197670,0.0,0
24,Maryland Non-UZA,,5468691,368776,5312821,2571881,29475251,0.0,0,0,0,3510500,5312821,15626644,0.0,0,0.0,0
25,Massachusetts Non-UZA,,4508858,263334,4316478,1931133,27716943,50.3,16249,682934,718658,2406752,3633544,10563941,35.8,184,0.0,0
26,Michigan Non-UZA,,28187710,1588229,6809414,5676124,126339834,0.0,0,0,0,5232493,6809414,28463459,0.0,0,0.0,0
27,Minnesota Non-UZA,,14084393,936076,662372,3155313,74307619,0.0,0,0,0,2649555,662372,10090064,0.0,0,0.0,0
28,Mississippi Non-UZA,,11303824,564585,797711,1762951,30733622,0.0,0,0,0,416264,797711,3232344,0.0,0,0.0,0
29,Missouri Non-UZA,,11414815,678365,0,1348760,40636247,0.0,0,0,0,7089114,0,27225925,0.0,0,0.0,0
30,Montana Non-UZA,,4393327,251957,0,944981,17814310,0.0,0,0,0,1310319,0,5014461,0.0,0,0.0,0
31,Nebraska Non-UZA,,5215095,258262,884447,652020,22004524,0.0,0,0,0,989558,884447,2783334,0.0,0,0.0,0
32,Nevada Non-UZA,,2113912,112193,2713793,570437,9548494,0.0,0,0,0,971568,2713793,4087933,0.0,0,0.0,0
33,New Hampshire Non-UZA,,968930,63330,24190,508516,5160629,0.0,0,0,0,189021,24190,1586689,0.0,0,0.0,0
34,New Jersey Non-UZA,,2640193,141584,15013479,957144,29002625,40.6,478761,14691706,18629349,916666,321773,5436113,28.3,451941,0.0,0
35,New Mexico Non-UZA,,4490875,254761,1205309,1049029,22992134,0.0,0,0,0,2429785,1205309,11169223,0.0,0,0.0,0
36,New York Non-UZA,,14400433,757031,33586276,5385215,104986573,55.8,1079453,24111620,23856723,2905691,9474656,33342535,55.8,1079453,0.0,0
37,North Carolina Non-UZA,,29073761,1616180,139517,5645570,130936642,0.0,0,0,0,4807182,139517,18080259,0.0,0,0.0,0
38,North Dakota Non-UZA,,3021931,191720,0,407395,10933804,0.0,0,0,0,577235,0,2462459,0.0,0,0.0,0
39,Ohio Non-UZA,,16194338,917072,985262,2373679,69046630,0.0,0,0,0,1533245,985262,7786044,0.0,0,0.0,0
40,Oklahoma Non-UZA,,15896795,1024542,0,1996088,48054221,0.0,0,0,0,3066370,0,11062031,0.0,0,0.0,0
41,Oregon Non-UZA,,11389025,587487,4158764,2366769,58672932,0.0,0,0,0,2948602,4158764,17038204,0.0,0,0.0,0
42,Pennsylvania Non-UZA,,20444948,1073268,10835625,3893173,102872864,0.0,0,0,0,8951154,10835625,43100200,0.0,0,0.0,0
44,Rhode Island Non-UZA,,205296,7687,764768,36542,2476361,0.0,0,0,0,205296,764768,2476361,0.0,0,0.0,0
45,South Carolina Non-UZA,,7403894,363628,510103,1020501,23466787,0.0,0,0,0,3044506,510103,13438274,0.0,0,0.0,0
46,South Dakota Non-UZA,,5639790,377110,0,1259561,22086364,0.0,0,0,0,1411479,0,4655500,0.0,0,0.0,0
47,Tennessee Non-UZA,,16896794,919199,1509434,3947076,60246559,0.0,0,0,0,7765580,1509434,26088861,0.0,0,0.0,0
48,Texas Non-UZA,,23195954,1178401,8293907,3060045,96536596,0.0,0,0,0,8914253,8293907,40427758,0.0,0,0.0,0
49,Utah Non-UZA,,6531905,334702,14949542,4005853,52977403,0.0,0,0,0,2850261,14949542,14542779,0.0,0,0.0,0
50,Vermont Non-UZA,,12983145,525271,2331252,2450381,40597325,0.0,0,0,0,1430662,2331252,6554703,0.0,0,0.0,0
51,Virginia Non-UZA,,9557330,533467,5662152,2304109,41916585,0.0,0,0,0,3355244,5662152,19057091,0.0,0,0.0,0
53,Washington Non-UZA,,17319682,834572,36259466,9530879,192749341,71.4,185509,32375567,83095267,2885167,3883899,16502523,71.4,185509,0.0,0
54,West Virginia Non-UZA,,5117225,289440,0,925530,17956483,0.0,0,0,0,49531,0,201142,0.0,0,0.0,0
55,Wisconsin Non-UZA,,12675368,926557,1810043,2632461,42787364,0.0,0,0,0,3890616,1810043,13680813,0.0,0,0.0,0
56,Wyoming Non-UZA,,2633526,201541,0,1474089,15670824,0.0,0,0,0,136487,0,501732,0.0,0,0.0,0
60,American Samoa Non-UZA,,215752,23839,0,26862,2239904,0.0,0,0,0,0,0,0,0.0,0,0.0,0
66,Guam Non-UZA,,115547,7931,0,17017,554285,0.0,0,0,0,115547,0,554285,0.0,0,0.0,0
69,Commonwealth of the Northern Marianas Non-UZA,,395416,15882,0,21386,2458867,0.0,0,0,0,0,0,0,0.0,0,0.0,0
72,Puerto Rico Non-UZA,,861715,74765,15156120,1440849,40499634,43.9,141647,12736242,35630967,596017,2419878,4515345,7.2,23097,0.0,0
78,"Virgin Islands, VI",,696882,57358,0,226621,7402317,0.0,0,0,0,696882,0,7402317,0.0,0,0.0,0
280,"Abilene, TX",118138.0,761280,55000,0,345382,5672339,0.0,0,0,0,761280,0,5672339,0.0,0,0.0,0
631,"Aguadilla--Isabela--San Sebastián, PR",232573.0,465200,46665,424185,185503,811607,0.0,0,0,0,465200,424185,811607,0.0,0,0.0,0
766,"Akron, OH",541879.0,6426787,476747,20738664,5178561,64874147,0.0,0,0,0,6426787,20738664,64874147,0.0,0,0.0,0
901,"Albany, GA",85960.0,419461,24927,1501671,273626,4321784,0.0,0,0,0,419461,1501671,4321784,0.0,0,0.0,0
955,"Albany, OR",62074.0,185263,12637,0,52162,1623931,0.0,0,0,0,185263,0,1623931,0.0,0,0.0,0
970,"Albany--Schenectady, NY",593142.0,11953035,842819,61500858,12953860,114091951,0.0,0,0,0,11953035,61500858,114091951,0.0,0,0.0,0
1171,"Albuquerque, NM",769837.0,7677345,472712,50723432,7424492,111081466,225.7,2192259,34161136,52809157,5485086,16562296,58272309,193.1,1437795,0.0,0
1279,"Alexandria, LA",78305.0,523845,34751,0,301966,2666934,0.0,0,0,0,523845,0,2666934,0.0,0,0.0,0
1495,"Allentown--Bethlehem, PA--NJ",621703.0,5485047,369765,21040830,3913720,51943207,0.0,0,0,0,5485047,21040830,51943207,0.0,0,0.0,0
1765,"Alton, IL",79260.0,437818,25856,1059392,178588,3485605,0.0,0,0,0,437818,1059392,3485605,0.0,0,0.0,0
1792,"Altoona, PA",74426.0,766372,56498,1614732,490098,6930059,0.0,0,0,0,766372,1614732,6930059,0.0,0,0.0,0
1927,"Amarillo, TX",205860.0,824663,55984,0,232555,5633566,0.0,0,0,0,824663,0,5633566,0.0,0,0.0,0
2062,"Ames, IA",66342.0,1325111,128820,6303474,4142196,12729309,0.0,0,0,0,1325111,6303474,12729309,0.0,0,0.0,0
2103,"Amherst Town--Northampton--Easthampton Town, MA",90570.0,1809489,124717,7712974,1982332,15668141,0.0,0,0,0,1809489,7712974,15668141,0.0,0,0.0,0
2305,"Anchorage, AK",249252.0,5380895,310760,29302546,3283149,56759603,280.9,360705,8711178,17739718,5020190,20591368,39019885,280.9,360705,0.0,0
2386,"Anderson, IN",79517.0,396710,31500,0,107284,2965688,0.0,0,0,0,396710,0,2965688,0.0,0,0.0,0
2420,"Anderson--Clemson, SC",118369.0,742205,47300,0,860986,3053308,0.0,0,0,0,742205,0,3053308,0.0,0,0.0,0
2602,"Ann Arbor, MI",317689.0,7709498,502015,33426271,9964928,63611760,0.0,0,0,0,7709498,33426271,63611760,0.0,0,0.0,0
2629,"Anniston--Oxford, AL",78302.0,256705,21880,0,97214,1149113,0.0,0,0,0,256705,0,1149113,0.0,0,0.0,0
2683,"Antioch, CA",326205.0,7280987,368187,38836456,4166746,78255994,25.4,4080699,32318408,45623541,3200288,6518048,32632453,7.0,2494806,4.2,14219
2764,"Appleton, WI",230967.0,1622349,103394,3335281,777302,8270226,0.0,0,0,0,1622349,3335281,8270226,0.0,0,0.0,0
3034,"Arecibo, PR",123724.0,532884,50968,435365,176083,1997708,0.0,0,0,0,532884,435365,1997708,0.0,0,0.0,0
3196,"Arroyo Grande--Grover Beach--Pismo Beach, CA",50885.0,563309,28158,3013824,265371,5107485,0.0,0,0,0,563309,3013824,5107485,0.0,0,0.0,0
3358,"Asheville, NC",285776.0,2243780,151369,6068173,1556149,16157809,0.0,0,0,0,2243780,6068173,16157809,0.0,0,0.0,0
3763,"Athens-Clarke County, GA",143213.0,1334041,131216,7709567,4127806,14770628,0.0,0,0,0,1334041,7709567,14770628,0.0,0,0.0,0
3817,"Atlanta, GA",5100112.0,62167280,3724350,396891232,65206410,685497500,99.0,18015983,213641121,256698394,44151297,183250111,428799106,99.0,18015983,91.3,1328195
3904,"Atlantic City--Ocean City--Villas, NJ",294921.0,9908562,649015,99109185,12041911,142500142,48.5,710940,18837349,21665876,9197622,80271836,120834266,39.4,691100,0.0,0
4033,"Auburn, AL",100842.0,430602,21104,0,48626,1333532,0.0,0,0,0,430602,0,1333532,0.0,0,0.0,0
4222,"Augusta-Richmond County, GA--SC",431480.0,839002,61980,1726132,453843,7538912,0.0,0,0,0,839002,1726132,7538912,0.0,0,0.0,0
4384,"Austin, TX",1809888.0,24185246,1849880,122011612,24393784,347311100,64.2,666249,7330560,34842819,23518997,114681052,312468281,64.2,666249,0.0,0
4681,"Bakersfield, CA",570235.0,4229999,297755,13999343,3354408,37455263,0.0,0,0,0,4229999,13999343,37455263,0.0,0,0.0,0
4843,"Baltimore, MD",2212038.0,51529912,3894092,271246434,57293431,812112828,233.799999999999,10343925,59203005,176999648,41185987,212043429,635113180,230.299999999999,10123254,0.0,0
4951,"Bangor, ME",61539.0,639546,46705,0,417041,4005686,0.0,0,0,0,639546,0,4005686,0.0,0,0.0,0
5040,"Barceloneta--Florida--Bajadero, PR",65070.0,209886,25078,25170,62380,1076650,0.0,0,0,0,209886,25170,1076650,0.0,0,0.0,0
5167,"Barnstable Town, MA",303269.0,4213113,293957,73799868,5585773,158069129,101.6,534727,59879833,128873657,3678386,13920035,29195472,77.7,496505,0.0,0
5680,"Baton Rouge, LA",631326.0,3482700,252062,7092247,1461232,31672671,0.0,0,0,0,3482700,7092247,31672671,0.0,0,0.0,0
5707,"Battle Creek, MI",75513.0,592710,36059,344733,257661,4671601,0.0,0,0,0,592710,344733,4671601,0.0,0,0.0,0
5869,"Bay City, MI",68472.0,726560,42376,1372729,194866,5812585,0.0,0,0,0,726560,1372729,5812585,0.0,0,0.0,0
6058,"Beaumont, TX",146649.0,768355,56121,1067147,283166,6086422,0.0,0,0,0,768355,1067147,6086422,0.0,0,0.0,0
6139,"Beckley, WV",57468.0,251210,20534,0,52884,1292212,0.0,0,0,0,251210,0,1292212,0.0,0,0.0,0
6290,"Bel Air--Aberdeen, MD",214647.0,951301,54653,0,289224,6237448,0.0,0,0,0,951301,0,6237448,0.0,0,0.0,0
6652,"Bellingham, WA",128979.0,3208546,225372,11921726,3738576,44247251,0.0,0,0,0,3208546,11921726,44247251,0.0,0,0.0,0
6760,"Beloit, WI--IL",63073.0,465246,30812,159373,137489,3225185,0.0,0,0,0,465246,159373,3225185,0.0,0,0.0,0
6868,"Bend, OR",106988.0,406597,31030,793507,258096,4777343,0.0,0,0,0,406597,793507,4777343,0.0,0,0.0,0
7138,"Benton Harbor--Lincoln--St. Joseph, MI",61888.0,518986,38328,55674,190642,2344246,0.0,0,0,0,518986,55674,2344246,0.0,0,0.0,0
7472,"Beverly Hills--Homosassa Springs--Pine Ridge, FL",96729.0,426200,19865,400955,44315,1399916,0.0,0,0,0,426200,400955,1399916,0.0,0,0.0,0
7705,"Billings, MT",128787.0,788620,55123,1773897,368270,6045623,0.0,0,0,0,788620,1773897,6045623,0.0,0,0.0,0
7732,"Binghamton, NY",155942.0,1526908,119374,5334072,1490916,11573678,0.0,0,0,0,1526908,5334072,11573678,0.0,0,0.0,0
7786,"Birmingham, AL",774956.0,3329163,216388,11689874,1835807,36725976,20.0,225921,659174,3824737,3103242,11030700,32901239,0.0,0,0.0,0
7921,"Bismarck, ND",98198.0,767319,51761,0,188287,4310438,0.0,0,0,0,767319,0,4310438,0.0,0,0.0,0
8002,"Blacksburg--Christiansburg, VA",72400.0,1348384,118474,7958629,3781995,12964323,0.0,0,0,0,1348384,7958629,12964323,0.0,0,0.0,0
8380,"Bloomington, IN",110103.0,1068665,100255,5840341,2466143,10248653,0.0,0,0,0,1068665,5840341,10248653,0.0,0,0.0,0
8407,"Bloomington--Normal, IL",134100.0,1739522,144541,5027621,2125519,16877077,0.0,0,0,0,1739522,5027621,16877077,0.0,0,0.0,0
8601,"Bluffton East--Hilton Head Island, SC",71824.0,267063,18196,0,141292,1571699,0.0,0,0,0,267063,0,1571699,0.0,0,0.0,0
8785,"Boise City, ID",433180.0,2226353,124578,5786140,1060780,16511489,0.0,0,0,0,2226353,5786140,16511489,0.0,0,0.0,0
8974,"Bonita Springs--Estero, FL",425675.0,2626104,143450,6817291,728095,13886106,0.0,0,0,0,2626104,6817291,13886106,0.0,0,0.0,0
9271,"Boston, MA--NH",4382009.0,90928369,6759468,1147013841,241561389,2001891267,826.3,47859811,896014611,1100662337,43068558,250999230,901228930,810.0,47058768,1.6,7601
9298,"Boulder, CO",120828.0,3272672,259369,21451601,4795652,49098875,0.0,0,0,0,3272672,21451601,49098875,0.0,0,0.0,0
9379,"Bowling Green, KY",97814.0,204193,17160,0,75512,1507552,0.0,0,0,0,204193,0,1507552,0.0,0,0.0,0
9514,"Bozeman, MT",59080.0,394893,30190,0,153401,2536229,0.0,0,0,0,394893,0,2536229,0.0,0,0.0,0
9536,"Bradenton--Sarasota--Venice, FL",779075.0,5912911,401238,17865838,3628152,48641488,0.0,0,0,0,5912911,17865838,48641488,0.0,0,0.0,0
9946,"Bremerton, WA",224449.0,3998729,219692,16546731,2267055,60232935,9.4,152079,5323057,10807680,3846650,11223674,49425255,5.7,145521,0.0,0
10162,"Bridgeport--Stamford, CT--NY",916408.0,11068193,698183,135634573,16338568,202027340,51.0,5112619,94419484,131826502,5955574,41215089,70200838,131.2,5112619,0.0,0
10351,"Bristol, TN--VA",70638.0,492619,37187,104981,116048,1832727,0.0,0,0,0,492619,104981,1832727,0.0,0,0.0,0
10972,"Brownsville, TX",216444.0,1017497,80823,5676383,1170818,9458963,0.0,0,0,0,1017497,5676383,9458963,0.0,0,0.0,0
11350,"Buffalo, NY",948864.0,9230758,810797,46205299,14525964,145161145,12.4,752940,6523299,29843884,8477818,39682000,115317261,12.4,752940,0.0,0
11431,"Bullhead City, AZ--NV",54396.0,432371,26153,0,210409,2309787,0.0,0,0,0,432371,0,2309787,0.0,0,0.0,0
11728,"Burlington, NC",145311.0,1203759,67271,1709475,287026,5470283,0.0,0,0,0,1203759,1709475,5470283,0.0,0,0.0,0
11755,"Burlington, VT",118032.0,2292120,147638,7988335,2116125,17958515,0.0,0,0,0,2292120,7988335,17958515,0.0,0,0.0,0
12754,"Camarillo, CA",76338.0,374301,20667,0,67360,2962529,0.0,0,0,0,374301,0,2962529,0.0,0,0.0,0
13375,"Canton, OH",295319.0,3662134,224677,10133529,1387558,29918737,0.0,0,0,0,3662134,10133529,29918737,0.0,0,0.0,0
13510,"Cape Coral, FL",599242.0,4021040,251416,9465753,1598422,25431393,0.0,0,0,0,4021040,9465753,25431393,0.0,0,0.0,0
13537,"Cape Girardeau, MO--IL",55546.0,643503,40075,0,187035,2049929,0.0,0,0,0,643503,0,2049929,0.0,0,0.0,0
14158,"Carson City, NV",61629.0,387506,24747,761057,181949,2067805,0.0,0,0,0,387506,761057,2067805,0.0,0,0.0,0
14482,"Casper, WY",67751.0,392409,31927,0,156923,2435603,0.0,0,0,0,392409,0,2435603,0.0,0,0.0,0
14563,"Castle Rock, CO",85350.0,5365,114,21062,546,3237,0.0,0,0,0,5365,21062,3237,0.0,0,0.0,0
14752,"Cedar Rapids, IA",192844.0,1210411,75802,4724607,1018463,9589873,0.0,0,0,0,1210411,4724607,9589873,0.0,0,0.0,0
15184,"Chambersburg, PA",50094.0,494436,24921,594915,52228,1810596,0.0,0,0,0,494436,594915,1810596,0.0,0,0.0,0
15211,"Champaign, IL",147452.0,3343450,302229,14797075,8582073,44120142,0.0,0,0,0,3343450,14797075,44120142,0.0,0,0.0,0
15481,"Charleston, WV",140958.0,2460481,138607,5380596,1094139,13243129,0.0,0,0,0,2460481,5380596,13243129,0.0,0,0.0,0
15508,"Charleston, SC",684773.0,3335757,236651,12721462,2254144,24732634,0.0,0,0,0,3335757,12721462,24732634,0.0,0,0.0,0
15670,"Charlotte, NC--SC",1379873.0,17002929,1224546,70670603,14542025,214593301,45.0999999999999,1746633,25332230,63660281,15256296,45338373,150933020,21.2,850950,0.0,0
15724,"Charlottesville, VA",104191.0,1079548,91651,664671,878867,11191599,0.0,0,0,0,1079548,664671,11191599,0.0,0,0.0,0
15832,"Chattanooga, TN--GA",398569.0,2373243,203496,5747254,1750517,24657930,1.7,20005,449249,2620302,2353238,5298005,22037628,1.7,20005,0.0,0
16237,"Cheyenne, WY",79250.0,341514,21220,0,71454,1979499,0.0,0,0,0,341514,0,1979499,0.0,0,0.0,0
16264,"Chicago, IL--IN",8671746.0,207059380,13897939,1962554658,331255993,3086794326,1295.6,106868648,1426730570,1659154974,100190732,535824088,1427639352,1226.8,106647564,0.0,0
16318,"Chico, CA",111411.0,1045508,78215,2641521,561848,9750157,0.0,0,0,0,1045508,2641521,9750157,0.0,0,0.0,0
16885,"Cincinnati, OH--KY",1686744.0,17530728,1263011,85681214,16595597,196782955,3.7,112384,1456038,5693446,17418344,84225176,191089509,3.7,112384,0.0,0
17317,"Clarksville, TN--KY",200947.0,1426721,88217,0,524479,8230100,0.0,0,0,0,1426721,0,8230100,0.0,0,0.0,0
17426,"Clayton, NC",51898.0,20371,1276,0,1991,75457,0.0,0,0,0,20371,0,75457,0.0,0,0.0,0
17668,"Cleveland, OH",1712178.0,24896828,1796087,109946913,23132987,309458886,82.6,3195388,32691853,57320133,21701440,77255060,252138753,82.6,3195388,3.2,242613
17722,"Cleveland, TN",73918.0,215844,21528,0,57336,1246112,0.0,0,0,0,215844,0,1246112,0.0,0,0.0,0
18451,"Coeur d'Alene, ID",121831.0,250712,19119,0,145723,1628466,0.0,0,0,0,250712,0,1628466,0.0,0,0.0,0
18748,"College Station--Bryan, TX",206137.0,905324,47684,1369495,296207,5068254,0.0,0,0,0,905324,1369495,5068254,0.0,0,0.0,0
18856,"Colorado Springs, CO",632494.0,4705072,335104,11813511,3099959,39577575,0.0,0,0,0,4705072,11813511,39577575,0.0,0,0.0,0
18937,"Columbia, MO",141831.0,597513,49255,2446292,923459,6410507,0.0,0,0,0,597513,2446292,6410507,0.0,0,0.0,0
18964,"Columbia, SC",590407.0,3590229,241292,12258320,1966622,28506175,0.0,0,0,0,3590229,12258320,28506175,0.0,0,0.0,0
19099,"Columbus, GA--AL",267746.0,1310616,99554,0,694879,5490815,0.0,0,0,0,1310616,0,5490815,0.0,0,0.0,0
19126,"Columbus, IN",60982.0,316052,29467,0,217636,2302274,0.0,0,0,0,316052,0,2302274,0.0,0,0.0,0
19234,"Columbus, OH",1567254.0,14645321,1062037,53865978,11701443,192394466,0.0,0,0,0,14645321,53865978,192394466,0.0,0,0.0,0
19504,"Concord--Walnut Creek, CA",538583.0,15325981,641974,111615688,9972830,154298343,35.5,12730819,101916096,114597672,2595162,9699592,39700671,35.5,12730819,0.0,0
19558,"Concord, NC",278612.0,1354261,80574,0,474817,8480825,0.0,0,0,0,1354261,0,8480825,0.0,0,0.0,0
19801,"Conway, AR",66619.0,129534,7516,112516,22076,414839,0.0,0,0,0,129534,112516,414839,0.0,0,0.0,0
20287,"Corpus Christi, TX",339066.0,5240498,297689,17504399,3303048,42387092,0.0,0,0,0,5240498,17504399,42387092,0.0,0,0.0,0
20422,"Corvallis, OR",66791.0,681609,60356,0,898977,5912191,0.0,0,0,0,681609,0,5912191,0.0,0,0.0,0
22042,"Dallas--Fort Worth--Arlington, TX",5732354.0,67701146,4387107,334965180,55839836,817308140,314.5,14036068,181717536,311732848,53665078,153247644,505575292,263.9,11645413,31.0,268684
22069,"Dalton, GA",67830.0,129550,6043,0,26231,884097,0.0,0,0,0,129550,0,884097,0.0,0,0.0,0
22096,"Danbury, CT--NY",171680.0,6436242,245865,97892975,5986038,139740355,51.0,5112619,94419484,131826502,1323623,3473491,7913853,34.4,5112619,0.0,0
22366,"Davenport, IA--IL",285211.0,4141547,287246,10710388,2542801,32409040,4.1,14146,213087,683258,4127401,10497301,31725782,4.1,14146,0.0,0
22420,"Davis, CA",77034.0,1166256,91253,7362078,3187438,12493697,0.0,0,0,0,1166256,7362078,12493697,0.0,0,0.0,0
22528,"Dayton, OH",674046.0,7344693,491818,42678125,6627838,74428631,125.7,218669,2002628,5210542,7126024,40675497,69218089,125.7,218669,0.0,0
22612,"Daytona Beach--Palm Coast--Port Orange, FL",402126.0,3733938,232834,13800647,1708842,20859033,0.0,0,0,0,3733938,13800647,20859033,0.0,0,0.0,0
22690,"Decatur, AL",60458.0,154919,14382,206786,38312,769383,0.0,0,0,0,154919,206786,769383,0.0,0,0.0,0
22717,"Decatur, IL",86287.0,1089875,78826,2611423,909640,9091776,0.0,0,0,0,1089875,2611423,9091776,0.0,0,0.0,0
22811,"Dededo--Apotgan--Tamuning, GU",128164.0,610472,45693,0,88404,2740706,0.0,0,0,0,610472,0,2740706,0.0,0,0.0,0
22960,"DeKalb, IL",64736.0,1117330,90344,1515046,706344,8279296,0.0,0,0,0,1117330,1515046,8279296,0.0,0,0.0,0
23311,"Deltona, FL",210712.0,1256832,75244,4548630,506113,7221432,0.0,0,0,0,1256832,4548630,7221432,0.0,0,0.0,0
23500,"Denton--Lewisville, TX",429461.0,5694653,310141,13963239,2757780,37138434,42.6,767904,3356987,16322003,4926749,10606252,20816431,42.6,767904,0.0,0
23527,"Denver--Aurora, CO",2686147.0,45522221,3095542,361700908,59104642,712004277,228.199999999999,15347827,192743704,285633940,30174394,168957204,426370337,180.0,13215445,1.5,42860
23743,"Des Moines, IA",542486.0,4516511,278959,16670533,3220972,35423020,0.0,0,0,0,4516511,16670533,35423020,0.0,0,0.0,0
23824,"Detroit, MI",3776890.0,26074437,1518745,108172862,16969223,243411047,9.6,322262,2365338,25598002,25752175,105807524,217813045,9.6,322262,0.0,0
24472,"Dothan, AL",72423.0,668607,32761,0,52119,1637191,0.0,0,0,0,668607,0,1637191,0.0,0,0.0,0
24580,"Dover, DE",123101.0,2404476,137989,6472240,968324,19553675,0.0,0,0,0,2404476,6472240,19553675,0.0,0,0.0,0
24607,"Dover--Rochester, NH--ME",72391.0,522489,31178,1252796,285442,4198649,0.0,0,0,0,522489,1252796,4198649,0.0,0,0.0,0
24823,"Dubuque, IA--IL",70332.0,573108,44796,0,331709,3816776,0.0,0,0,0,573108,0,3816776,0.0,0,0.0,0
24850,"Duluth, MN--WI",119411.0,2100689,167579,9955251,2160263,21443358,0.0,0,0,0,2100689,9955251,21443358,0.0,0,0.0,0
25228,"Durham, NC",396118.0,6844105,476021,33682203,10436064,78697845,0.0,0,0,0,6844105,33682203,78697845,0.0,0,0.0,0
25498,"Eagle Pass, TX",54083.0,329693,23362,0,79936,1313297,0.0,0,0,0,329693,0,1313297,0.0,0,0.0,0
26038,"Eau Claire, WI",105475.0,1146165,86020,1866315,718947,6066279,0.0,0,0,0,1146165,1866315,6066279,0.0,0,0.0,0
26405,"El Centro, CA",74376.0,1173083,53936,8765414,626094,6162645,0.0,0,0,0,1173083,8765414,6162645,0.0,0,0.0,0
26750,"Elizabethtown--Radcliff, KY",76441.0,1299153,68192,1499057,86902,3275498,0.0,0,0,0,1299153,1499057,3275498,0.0,0,0.0,0
26794,"Elkhart, IN--MI",148199.0,847941,51087,2136283,387758,4375542,0.0,0,0,0,847941,2136283,4375542,0.0,0,0.0,0
27118,"Elmira, NY",62468.0,557939,29545,0,293916,4757221,0.0,0,0,0,557939,0,4757221,0.0,0,0.0,0
27253,"El Paso, TX--NM",854584.0,12349765,621488,39246840,6543715,68423770,4.8,43451,149441,2094214,12306314,39097399,66329556,0.0,0,0.0,0
27261,"El Paso de Robles (Paso Robles)--Atascadero, CA",67804.0,498523,24258,2559096,212790,4416874,0.0,0,0,0,498523,2559096,4416874,0.0,0,0.0,0
27631,"Enid, OK",50194.0,197212,18368,0,42504,800039,0.0,0,0,0,197212,0,800039,0.0,0,0.0,0
27766,"Erie, PA",187820.0,2520223,179259,3207898,1379071,21669323,0.0,0,0,0,2520223,3207898,21669323,0.0,0,0.0,0
28117,"Eugene, OR",270179.0,5527280,360365,22321491,6295854,64882375,28.0,688393,6304956,14245853,4838887,16016535,50636522,28.0,688393,0.0,0
28333,"Evansville, IN",206855.0,1215693,88238,3415960,906183,7786856,0.0,0,0,0,1215693,3415960,7786856,0.0,0,0.0,0
28549,"Fairbanks, AK",71396.0,523161,35736,167065,288331,7484461,8.0,8713,167065,502123,514448,0,6982338,8.0,8713,0.0,0
28657,"Fairfield, CA",150122.0,572367,42287,1172043,261103,9263110,0.0,0,0,0,572367,1172043,9263110,0.0,0,0.0,0
28766,"Fairhope--Daphne, AL",76807.0,70515,3044,88314,8329,264388,0.0,0,0,0,70515,88314,264388,0.0,0,0.0,0
28981,"Fajardo, PR",68587.0,696392,44688,1148601,158677,1135364,0.0,0,0,0,696392,1148601,1135364,0.0,0,0.0,0
29089,"Fargo, ND--MN",216214.0,1858108,148352,4542456,1325775,15617358,0.0,0,0,0,1858108,4542456,15617358,0.0,0,0.0,0
29278,"Farmington, NM",51763.0,314112,19988,158354,68438,1425920,0.0,0,0,0,314112,158354,1425920,0.0,0,0.0,0
29440,"Fayetteville, NC",325008.0,2262801,136490,9223956,2268785,14010563,0.0,0,0,0,2262801,9223956,14010563,0.0,0,0.0,0
29494,"Fayetteville--Springdale--Rogers, AR--MO",373687.0,1252654,93100,0,1545585,8845722,0.0,0,0,0,1252654,0,8845722,0.0,0,0.0,0
29608,"Fernandina Beach--Yulee, FL",50805.0,417236,29685,0,47621,1350569,0.0,0,0,0,417236,0,1350569,0.0,0,0.0,0
29818,"Flagstaff, AZ",79842.0,1016146,80167,4945968,1591572,10865625,0.0,0,0,0,1016146,4945968,10865625,0.0,0,0.0,0
29872,"Flint, MI",298964.0,6490154,312894,42747088,2745528,39003783,0.0,0,0,0,6490154,42747088,39003783,0.0,0,0.0,0
29953,"Florence, AL",78925.0,129381,13750,0,18130,734114,0.0,0,0,0,129381,0,734114,0.0,0,0.0,0
30061,"Florence, SC",89436.0,413732,22752,0,133071,1844761,0.0,0,0,0,413732,0,1844761,0.0,0,0.0,0
30223,"Fond du Lac, WI",54731.0,246779,20221,0,128302,1483423,0.0,0,0,0,246779,0,1483423,0.0,0,0.0,0
30628,"Fort Collins, CO",326332.0,1996461,125862,7379062,1901090,16759078,9.8,157204,1274645,2987123,1839257,6104417,13771955,9.8,157204,0.0,0
30925,"Fort Smith, AR--OK",125811.0,460617,31003,0,241805,2799840,0.0,0,0,0,460617,0,2799840,0.0,0,0.0,0
31087,"Fort Wayne, IN",335934.0,1713735,120555,6664742,1561932,17721032,0.0,0,0,0,1713735,6664742,17721032,0.0,0,0.0,0
31150,"Four Corners, FL",92396.0,296082,20716,1377417,234083,2253027,0.0,0,0,0,296082,1377417,2253027,0.0,0,0.0,0
31519,"Frederick, MD",176456.0,856067,64143,2911825,539290,6630525,0.0,0,0,0,856067,2911825,6630525,0.0,0,0.0,0
31600,"Fredericksburg, VA",167679.0,615690,37583,564696,287674,4967726,0.0,0,0,0,615690,564696,4967726,0.0,0,0.0,0
31843,"Fresno, CA",717589.0,6040020,507799,27893106,8417486,71773408,0.0,0,0,0,6040020,27893106,71773408,0.0,0,0.0,0
32113,"Gadsden, AL",57975.0,200956,16171,0,65730,795541,0.0,0,0,0,200956,0,795541,0.0,0,0.0,0
32167,"Gainesville, FL",213748.0,3504597,275530,17424304,5057409,27819409,0.0,0,0,0,3504597,17424304,27819409,0.0,0,0.0,0
32194,"Gainesville, GA",164365.0,471846,24720,0,96682,1718096,0.0,0,0,0,471846,0,1718096,0.0,0,0.0,0
32491,"Galveston--Texas City, TX",191863.0,1221163,66083,720443,451534,10221457,4.2,5572,24539,539577,1215591,695904,9681880,4.2,5572,0.0,0
32653,"Gastonia, NC",176897.0,550022,37143,0,176133,3757429,0.0,0,0,0,550022,0,3757429,0.0,0,0.0,0
33328,"Gilroy--Morgan Hill, CA",114833.0,285108,17175,1912539,136780,3379073,0.0,0,0,0,285108,1912539,3379073,0.0,0,0.0,0
33598,"Glens Falls, NY",71191.0,327330,18942,0,215699,1719980,0.0,0,0,0,327330,0,1719980,0.0,0,0.0,0
33814,"Goldsboro, NC",54456.0,375026,23459,0,147731,1678696,0.0,0,0,0,375026,0,1678696,0.0,0,0.0,0
34219,"Grand Forks, ND--MN",68160.0,630457,61973,903315,315404,4595743,0.0,0,0,0,630457,903315,4595743,0.0,0,0.0,0
34246,"Grand Island, NE",55099.0,173761,20443,0,57757,1162139,0.0,0,0,0,173761,0,1162139,0.0,0,0.0,0
34273,"Grand Junction, CO",135973.0,939980,62490,0,580263,5366978,0.0,0,0,0,939980,0,5366978,0.0,0,0.0,0
34300,"Grand Rapids, MI",605666.0,6987163,502537,27950776,6052106,50612401,19.0,331189,1567450,2497711,6655974,26383326,48114690,19.0,331189,0.0,0
34516,"Grants Pass, OR",55724.0,277173,20443,0,100391,2205388,0.0,0,0,0,277173,0,2205388,0.0,0,0.0,0
34759,"Great Falls, MT",67097.0,708524,56447,1504648,376690,4419789,0.0,0,0,0,708524,1504648,4419789,0.0,0,0.0,0
34786,"Greeley, CO",137222.0,742821,53669,52033,674821,6264842,0.0,0,0,0,742821,52033,6264842,0.0,0,0.0,0
34813,"Green Bay, WI",224156.0,1285110,78322,2684166,856798,8073738,0.0,0,0,0,1285110,2684166,8073738,0.0,0,0.0,0
35164,"Greensboro, NC",338928.0,4585823,295979,12518416,2414000,32495543,0.0,0,0,0,4585823,12518416,32495543,0.0,0,0.0,0
35380,"Greenville, NC",120150.0,625530,39203,0,332824,3586835,0.0,0,0,0,625530,0,3586835,0.0,0,0.0,0
35461,"Greenville, SC",387271.0,759400,56492,3452405,657949,6305314,0.0,0,0,0,759400,3452405,6305314,0.0,0,0.0,0
35866,"Guayama, PR",52290.0,33912,4835,22108,12869,39327,0.0,0,0,0,33912,22108,39327,0.0,0,0.0,0
35920,"Gulfport--Biloxi, MS",236344.0,1801242,99292,5614647,713563,8262275,0.0,0,0,0,1801242,5614647,8262275,0.0,0,0.0,0
36190,"Hagerstown, MD--WV--PA--VA",197557.0,1111951,65863,0,487308,5143587,0.0,0,0,0,1111951,0,5143587,0.0,0,0.0,0
36514,"Hammond, LA",72526.0,158234,8460,0,17007,376876,0.0,0,0,0,158234,0,376876,0.0,0,0.0,0
36703,"Hanford, CA",66638.0,1383969,57745,7856316,509895,5333529,0.0,0,0,0,1383969,7856316,5333529,0.0,0,0.0,0
36784,"Hanover, PA",56712.0,70959,4822,182574,36206,396876,0.0,0,0,0,70959,182574,396876,0.0,0,0.0,0
36892,"Harlingen, TX",118838.0,465363,20445,485791,55016,2074862,0.0,0,0,0,465363,485791,2074862,0.0,0,0.0,0
37081,"Harrisburg, PA",490859.0,3867266,225633,14776248,1556992,23491000,28.8,421935,6760902,5638588,3445331,8015346,17852412,28.8,421935,0.0,0
37162,"Harrisonburg, VA",73377.0,723646,72014,3218771,1522746,5945510,0.0,0,0,0,723646,3218771,5945510,0.0,0,0.0,0
37243,"Hartford, CT",977158.0,16505353,1169847,83196032,16622037,159510448,19.6,1412809,10873701,17301911,15092544,72322331,142208537,19.6,1412809,39.3,449031
37594,"Hattiesburg, MS",80821.0,309609,16028,0,49769,1978505,0.0,0,0,0,309609,0,1978505,0.0,0,0.0,0
37945,"Hazleton, PA",50860.0,414811,30615,0,145497,3249203,0.0,0,0,0,414811,0,3249203,0.0,0,0.0,0
38161,"Helena, MT",52380.0,172453,15575,0,54571,1739452,0.0,0,0,0,172453,0,1739452,0.0,0,0.0,0
38215,"Hemet, CA",173194.0,821801,52866,2472886,313960,7075559,0.0,0,0,0,821801,2472886,7075559,0.0,0,0.0,0
38647,"Hickory, NC",201511.0,810065,47834,1120935,122939,5379593,0.0,0,0,0,810065,1120935,5379593,0.0,0,0.0,0
38809,"High Point, NC",167830.0,1245999,65191,1159162,696344,7629431,0.0,0,0,0,1245999,1159162,7629431,0.0,0,0.0,0
39133,"Hinesville, GA",53107.0,133659,10657,0,19161,1382565,0.0,0,0,0,133659,0,1382565,0.0,0,0.0,0
39430,"Holland, MI",107034.0,831487,60543,1025892,245424,6326268,0.0,0,0,0,831487,1025892,6326268,0.0,0,0.0,0
39889,"Honolulu, HI",853252.0,24071804,1762662,188535701,39160893,288314434,2.1,358169,3720815,4866152,23713635,184814886,283448282,1.0,115970,20.5,183457
40213,"Hot Springs, AR",59133.0,403648,26943,0,126975,2496977,0.0,0,0,0,403648,0,2496977,0.0,0,0.0,0
40375,"Houma, LA",145482.0,217409,10827,0,46387,1773209,0.0,0,0,0,217409,0,1773209,0.0,0,0.0,0
40429,"Houston, TX",5853575.0,66333082,4737901,401018111,69020720,810096780,53.1,3465078,39073605,122620074,62868004,361944506,687476706,43.6,3121679,174.0,2361355
40753,"Huntington, WV--KY--OH",200157.0,1679174,105173,4274626,821230,8802876,0.0,0,0,0,1679174,4274626,8802876,0.0,0,0.0,0
40780,"Huntsville, AL",329066.0,1333137,87502,3228556,701566,5941870,0.0,0,0,0,1333137,3228556,5941870,0.0,0,0.0,0
41212,"Indianapolis, IN",1699881.0,11024267,757983,38358706,7115823,130753611,26.1,684796,3211662,12625624,10339471,35147044,118127987,0.0,0,0.0,0
41347,"Indio--Palm Desert--Palm Springs, CA",361075.0,3416983,206932,20788489,2221271,36196919,0.0,0,0,0,3416983,20788489,36196919,0.0,0,0.0,0
41590,"Iowa City, IA",126810.0,2446329,185364,7573712,4076993,17401095,0.0,0,0,0,2446329,7573712,17401095,0.0,0,0.0,0
41914,"Ithaca, NY",59102.0,1034816,72621,7456351,1574727,11559318,0.0,0,0,0,1034816,7456351,11559318,0.0,0,0.0,0
42157,"Jackson, MI",84307.0,596431,39308,1074261,320284,4680026,0.0,0,0,0,596431,1074261,4680026,0.0,0,0.0,0
42211,"Jackson, MS",347693.0,1003200,67235,1079378,449129,10587161,0.0,0,0,0,1003200,1079378,10587161,0.0,0,0.0,0
42265,"Jackson, TN",72809.0,629959,41608,1635772,298840,3720408,0.0,0,0,0,629959,1635772,3720408,0.0,0,0.0,0
42346,"Jacksonville, FL",1247374.0,10794366,745152,36786112,6675890,141172930,6.3,91159,430892,12156875,10703207,36355220,129016055,6.3,91159,0.0,0
42400,"Jacksonville, NC",111224.0,736125,40600,0,136681,3361238,0.0,0,0,0,736125,0,3361238,0.0,0,0.0,0
42562,"Janesville, WI",72285.0,459927,31244,0,385773,3963678,0.0,0,0,0,459927,0,3963678,0.0,0,0.0,0
42967,"Jefferson City, MO",50775.0,447162,30635,0,166038,3276477,0.0,0,0,0,447162,0,3276477,0.0,0,0.0,0
43210,"Johnson City, TN",128519.0,981783,65004,355544,398139,4799066,0.0,0,0,0,981783,355544,4799066,0.0,0,0.0,0
43291,"Johnstown, PA",61521.0,775121,67346,4185846,736607,9462282,0.2,0,0,624492,775121,4185846,8837790,0.2,0,0.0,0
43345,"Jonesboro, AR",73781.0,282859,23322,0,88597,1101896,0.0,0,0,0,282859,0,1101896,0.0,0,0.0,0
43399,"Joplin, MO",86679.0,178148,14350,0,41246,1119228,0.0,0,0,0,178148,0,1119228,0.0,0,0.0,0
43453,"Juana Díaz, PR",65023.0,22316,2674,36310,18825,22851,0.0,0,0,0,22316,36310,22851,0.0,0,0.0,0
43615,"Kahului--Wailuku, HI",57905.0,2008158,131854,10937243,1154463,20215868,0.0,0,0,0,2008158,10937243,20215868,0.0,0,0.0,0
43669,"Kailua (Honolulu County)--Kaneohe, HI",118092.0,691162,49618,4245585,850176,7763775,0.0,0,0,0,691162,4245585,7763775,0.0,0,0.0,0
43723,"Kalamazoo, MI",204562.0,2461406,171680,7286617,1798022,19268656,0.0,0,0,0,2461406,7286617,19268656,0.0,0,0.0,0
43885,"Kankakee, IL",66530.0,882422,60258,3665081,474637,6918909,0.0,0,0,0,882422,3665081,6918909,0.0,0,0.0,0
43912,"Kansas City, MO--KS",1674218.0,15100709,1015112,54383390,15103605,146463000,11.2,427900,4924079,11442740,14672809,49459311,135020260,11.2,427900,0.0,2880
44479,"Kennewick--Richland--Pasco, WA",255401.0,8196869,421274,24325382,3178377,47210250,0.0,0,0,0,8196869,24325382,47210250,0.0,0,0.0,0
44506,"Kenosha, WI",125865.0,1069733,77068,4174967,1254001,8198428,1.7,16578,32218,380588,1053155,4142749,7817840,1.7,16578,0.0,0
44992,"Killeen, TX",257222.0,504325,34477,1327235,213908,5069981,0.0,0,0,0,504325,1327235,5069981,0.0,0,0.0,0
45235,"Kingsport, TN--VA",98411.0,606480,34957,273219,110072,2522439,0.0,0,0,0,606480,273219,2522439,0.0,0,0.0,0
45262,"Kingston, NY",50254.0,93922,5739,326609,35580,425114,0.0,0,0,0,93922,326609,425114,0.0,0,0.0,0
45443,"Kiryas Joel, NY",71582.0,778198,54707,7411553,1046531,10657226,10.0,200904,4487569,4440129,577294,2923984,6217097,10.0,200904,0.0,0
45451,"Kissimmee--St. Cloud, FL",418404.0,3590878,253323,16361306,2738938,26647477,0.0,0,0,0,3590878,16361306,26647477,0.0,0,0.0,0
45640,"Knoxville, TN",597257.0,4765225,325755,8794839,2479649,27749291,0.0,0,0,0,4765225,8794839,27749291,0.0,0,0.0,0
45694,"Kokomo, IN",62576.0,514478,38731,1263538,298086,2670125,0.0,0,0,0,514478,1263538,2670125,0.0,0,0.0,0
45910,"La Crosse, WI--MN",98872.0,1495455,99153,2005024,744443,7721513,0.0,0,0,0,1495455,2005024,7721513,0.0,0,0.0,0
46018,"Lafayette, IN",157100.0,1863362,149238,10619883,4447311,15065613,0.0,0,0,0,1863362,10619883,15065613,0.0,0,0.0,0
46045,"Lafayette, LA",227316.0,1059814,74791,6000021,1041580,5831005,0.0,0,0,0,1059814,6000021,5831005,0.0,0,0.0,0
46126,"Lafayette--Erie--Louisville, CO",96485.0,269237,21575,742395,187661,2711698,0.0,0,0,0,269237,742395,2711698,0.0,0,0.0,0
46531,"Lake Charles, LA",162501.0,162317,15506,0,80913,3797367,0.0,0,0,0,162317,0,3797367,0.0,0,0.0,0
46747,"Lake Havasu City, AZ",59017.0,132890,11061,0,142922,1280075,0.0,0,0,0,132890,0,1280075,0.0,0,0.0,0
46801,"Lake Jackson, TX",56054.0,298899,14943,0,63334,1876790,0.0,0,0,0,298899,0,1876790,0.0,0,0.0,0
46828,"Lakeland, FL",277915.0,1096710,72155,2310812,401538,10422820,0.0,0,0,0,1096710,2310812,10422820,0.0,0,0.0,0
47530,"Lancaster--Manheim, PA",394530.0,4335776,225173,26859858,1637090,34910571,84.0,1233999,19773062,16490720,3101777,7086796,18419851,84.0,1233999,0.0,0
47719,"Lansing, MI",318300.0,6158763,428181,24460145,7640546,58988577,0.0,0,0,0,6158763,24460145,58988577,0.0,0,0.0,0
47854,"Laredo, TX",251462.0,1802051,157940,6530860,1798331,17980264,0.0,0,0,0,1802051,6530860,17980264,0.0,0,0.0,0
47935,"Las Cruces, NM",139338.0,2496115,107768,6087952,706866,8759123,0.0,0,0,0,2496115,6087952,8759123,0.0,0,0.0,0
47995,"Las Vegas--Henderson--Paradise, NV",2196623.0,28718770,2181916,198958186,51034197,270660308,55.5,1333016,13389468,14495918,27385754,185568718,256164390,47.6,1221544,19.9,139246
48232,"Lawrence, KS",94998.0,1627830,133978,4400420,2213230,12279703,0.0,0,0,0,1627830,4400420,12279703,0.0,0,0.0,0
48394,"Lawton, OK",87464.0,632383,45596,0,260754,2843279,0.0,0,0,0,632383,0,2843279,0.0,0,0.0,0
48664,"Lebanon, PA",75485.0,691775,40846,1506617,243772,4599131,0.0,0,0,0,691775,1506617,4599131,0.0,0,0.0,0
48799,"Leesburg--Eustis--Tavares, FL",151523.0,780686,49863,1314183,181639,5137890,0.0,0,0,0,780686,1314183,5137890,0.0,0,0.0,0
48826,"Lee's Summit, MO",91960.0,171526,11656,0,29673,705215,0.0,0,0,0,171526,0,705215,0.0,0,0.0,0
49096,"Leominster--Fitchburg, MA",111790.0,1863457,88433,2876281,449147,15957241,24.1,1246,26425,25095,1862211,2849856,15932146,24.0,1246,0.0,0
49312,"Lewiston, ID--WA",54798.0,468401,27507,0,122290,2785327,0.0,0,0,0,468401,0,2785327,0.0,0,0.0,0
49339,"Lewiston, ME",60743.0,397065,30215,146898,295668,3219269,0.0,0,0,0,397065,146898,3219269,0.0,0,0.0,0
49582,"Lexington-Fayette, KY",315631.0,2966487,272406,17873805,3733026,31679469,0.0,0,0,0,2966487,17873805,31679469,0.0,0,0.0,0
49594,"Lexington Park--California--Chesapeake Ranch Estates, MD",62352.0,450092,20854,0,146609,1636154,0.0,0,0,0,450092,0,1636154,0.0,0,0.0,0
49852,"Lima, OH",68630.0,700895,43954,0,227170,4346996,0.0,0,0,0,700895,0,4346996,0.0,0,0.0,0
49933,"Lincoln, NE",291217.0,2300558,145204,6969980,2129039,17048520,0.0,0,0,0,2300558,6969980,17048520,0.0,0,0.0,0
50392,"Little Rock, AR",461864.0,3657905,227993,7370545,2047146,22790834,3.8,30350,120364,1110282,3627555,7250181,21680552,3.8,30350,0.0,0
50533,"Livermore--Pleasanton--Dublin, CA",240381.0,4362143,203351,30432203,2738366,48429351,36.9,2698878,24579336,29195011,1663265,5852867,19234340,36.9,2698878,0.0,0
50851,"Lodi, CA",73090.0,681537,38437,1633283,240436,5372722,0.0,0,0,0,681537,1633283,5372722,0.0,0,0.0,0
50959,"Logan, UT",113927.0,1112826,76335,3680647,1172454,8424126,0.0,0,0,0,1112826,3680647,8424126,0.0,0,0.0,0
51040,"Lompoc, CA",54287.0,348316,28487,1001010,173657,3062307,0.0,0,0,0,348316,1001010,3062307,0.0,0,0.0,0
51175,"Longmont, CO",100776.0,835906,69113,3851393,989583,8262943,0.0,0,0,0,835906,3851393,8262943,0.0,0,0.0,0
51256,"Longview, TX",107099.0,389706,23858,0,159729,1915327,0.0,0,0,0,389706,0,1915327,0.0,0,0.0,0
51283,"Longview, WA--OR",69841.0,492848,43057,1040117,274804,5876997,0.0,0,0,0,492848,1040117,5876997,0.0,0,0.0,0
51364,"Lorain--Elyria, OH",199067.0,327518,24937,0,50893,2388423,0.0,0,0,0,327518,0,2388423,0.0,0,0.0,0
51445,"Los Angeles--Long Beach--Anaheim, CA",12237376.0,221228996,16549389,1676998359,384756822,3509908860,647.3,29177445,493846635,907828140,192051551,1183151724,2602080720,637.199999999999,28423987,169.0,2542663
51499,"Los Lunas, NM",53365.0,252835,13986,240416,28415,1774436,0.0,0,0,0,252835,240416,1774436,0.0,0,0.0,0
51755,"Louisville/Jefferson County, KY--IN",974397.0,10794201,840490,22882994,6269011,96577792,0.0,0,0,0,10794201,22882994,96577792,0.0,0,0.0,0
51877,"Lubbock, TX",272280.0,2291690,166219,5281298,2230771,14376164,0.0,0,0,0,2291690,5281298,14376164,0.0,0,0.0,0
52201,"Lynchburg, VA",125596.0,1150848,79820,2306018,520122,8690008,0.0,0,0,0,1150848,2306018,8690008,0.0,0,0.0,0
52390,"McAllen, TX",779553.0,2452744,128551,14677577,1125819,12521310,0.0,0,0,0,2452744,14677577,12521310,0.0,0,0.0,0
52695,"McKinney--Frisco, TX",504803.0,717107,29432,1723148,92762,2723128,0.0,0,0,0,717107,1723148,2723128,0.0,0,0.0,0
52822,"Macon-Bibb County, GA",140111.0,1363906,113660,0,634744,8001123,0.0,0,0,0,1363906,0,8001123,0.0,0,0.0,0
52984,"Madera, CA",81635.0,611762,33111,0,104735,5011765,0.0,0,0,0,611762,0,5011765,0.0,0,0.0,0
53200,"Madison, WI",450305.0,5389451,432544,33357045,9530981,62651964,14.1,310971,2175946,5590356,5078480,31181099,57061608,12.5,303845,0.0,0
53740,"Manchester, NH",163289.0,665425,64141,0,305084,4666967,0.0,0,0,0,665425,0,4666967,0.0,0,0.0,0
53794,"Mandeville--Covington, LA",113763.0,83252,8011,0,14885,754500,0.0,0,0,0,83252,0,754500,0.0,0,0.0,0
53848,"Manhattan, KS",60454.0,327796,27578,0,149598,2039779,0.0,0,0,0,327796,0,2039779,0.0,0,0.0,0
53983,"Mankato, MN",60206.0,528207,40088,0,424201,5015779,0.0,0,0,0,528207,0,5015779,0.0,0,0.0,0
54091,"Mansfield, OH",73545.0,285912,23523,0,126963,2425812,0.0,0,0,0,285912,0,2425812,0.0,0,0.0,0
54145,"Manteca, CA",86674.0,1338345,45027,8365719,258279,10481883,28.8,171051,4230537,6255330,1167294,4135182,4226553,28.8,171051,0.0,0
54477,"Maricopa, AZ",57771.0,52109,2876,0,12301,296062,0.0,0,0,0,52109,0,296062,0.0,0,0.0,0
55333,"Marysville, WA",160440.0,848466,56373,3845799,676468,14759376,0.0,0,0,0,848466,3845799,14759376,0.0,0,0.0,0
55603,"Mauldin--Simpsonville, SC",159506.0,315812,19729,564078,106358,2718031,0.0,0,0,0,315812,564078,2718031,0.0,0,0.0,0
55738,"Mayagüez, PR",91583.0,937042,91959,1102245,467767,3256741,0.0,0,0,0,937042,1102245,3256741,0.0,0,0.0,0
55981,"Medford, OR",171640.0,1635435,114286,4236166,875282,17345999,0.0,0,0,0,1635435,4236166,17345999,0.0,0,0.0,0
56116,"Memphis, TN--MS--AR",1056190.0,5445567,375122,14475117,2819588,53076811,10.0,78305,434774,4556337,5367262,14040343,48520474,10.0,78305,0.0,0
56251,"Merced, CA",150052.0,1122994,72488,2378687,329989,8421440,0.0,0,0,0,1122994,2378687,8421440,0.0,0,0.0,0
56602,"Miami--Fort Lauderdale, FL",6077522.0,96360043,6534136,685641068,114094348,1148948264,241.899999999999,13933495,242087380,338108500,82426548,443553688,810839764,241.899999999999,13933495,0.0,0
56656,"Michigan City--La Porte, IN--MI",71367.0,514479,32663,4165211,295837,7502690,43.0,169495,4165211,5135431,344984,0,2367259,43.0,169495,0.0,0
56899,"Middletown, NY",61516.0,506480,29938,6122450,318254,7953114,14.4,274096,6122450,6057727,232384,0,1895387,14.4,274096,0.0,0
56926,"Middletown, OH",93608.0,222114,15613,0,220743,1204954,0.0,0,0,0,222114,0,1204954,0.0,0,0.0,0
56980,"Midland, MI",52340.0,511400,29398,116650,107751,2604676,0.0,0,0,0,511400,116650,2604676,0.0,0,0.0,0
57007,"Midland, TX",141997.0,536169,31644,0,127054,3415227,0.0,0,0,0,536169,0,3415227,0.0,0,0.0,0
57466,"Milwaukee, WI",1306795.0,20100397,1548570,79214482,23752911,177203704,14.8999999999999,160038,679390,6975568,19940359,78535092,170228136,10.7,66686,0.0,0
57628,"Minneapolis--St. Paul, MN",2914866.0,57037196,3780316,235720569,52947707,638411602,136.9,4464573,58774209,112668095,52572623,176946360,525743507,135.4,4326191,215.6,1975029
57655,"Minot, ND",50925.0,466001,35915,0,143400,3136369,0.0,0,0,0,466001,0,3136369,0.0,0,0.0,0
57709,"Mission Viejo--Lake Forest--Laguna Niguel, CA",646843.0,3732991,276125,21989343,3923478,54840989,54.0,722481,10064262,18144751,3010510,11925081,36696238,54.0,722481,0.0,0
57736,"Missoula, MT",88109.0,1260121,103538,5705951,1274989,12733074,0.0,0,0,0,1260121,5705951,12733074,0.0,0,0.0,0
57925,"Mobile, AL",321907.0,1644598,115606,3701933,568192,11361859,0.0,0,0,0,1644598,3701933,11361859,0.0,0,0.0,0
58006,"Modesto, CA",357301.0,4061600,248832,11206892,2113543,30207688,0.0,0,0,0,4061600,11206892,30207688,0.0,0,0.0,0
58330,"Monroe, LA",119964.0,428704,28039,0,625105,5863682,0.0,0,0,0,428704,0,5863682,0.0,0,0.0,0
58357,"Monroe, MI",57260.0,491506,39423,955754,208969,4618776,0.0,0,0,0,491506,955754,4618776,0.0,0,0.0,0
58600,"Montgomery, AL",254348.0,1495585,94691,1912289,436357,8456769,0.0,0,0,0,1495585,1912289,8456769,0.0,0,0.0,0
59275,"Morgantown, WV",77620.0,2033842,157874,2890640,2201076,11519930,6.3,517193,2890640,5365216,1516649,0,6154714,6.3,517193,0.0,0
59410,"Morristown, TN",66539.0,611439,22752,0,41387,1053159,0.0,0,0,0,611439,0,1053159,0.0,0,0.0,0
60490,"Mount Vernon, WA",66825.0,2198097,119685,6030287,496304,19616296,0.0,0,0,0,2198097,6030287,19616296,0.0,0,0.0,0
60625,"Muncie, IN",84382.0,828855,61294,3654917,919115,7081781,0.0,0,0,0,828855,3654917,7081781,0.0,0,0.0,0
60733,"Murfreesboro, TN",177313.0,364458,30376,229184,170891,3194013,0.0,0,0,0,364458,229184,3194013,0.0,0,0.0,0
60841,"Muskegon--Norton Shores, MI",166414.0,1757892,108323,74084,509241,9964927,0.0,0,0,0,1757892,74084,9964927,0.0,0,0.0,0
60895,"Myrtle Beach--North Myrtle Beach, SC--NC",298954.0,1333193,57923,0,521682,6001323,0.0,0,0,0,1333193,0,6001323,0.0,0,0.0,0
60976,"Nampa, ID",177561.0,773085,44723,1405559,276379,7071111,0.0,0,0,0,773085,1405559,7071111,0.0,0,0.0,0
61057,"Napa, CA",84619.0,1134494,75241,3913162,414030,11201811,0.0,0,0,0,1134494,3913162,11201811,0.0,0,0.0,0
61165,"Nashua, NH--MA",242984.0,602563,40616,1771902,326290,4009092,0.0,0,0,0,602563,1771902,4009092,0.0,0,0.0,0
61273,"Nashville-Davidson, TN",1158642.0,11262705,748453,42332999,8440634,121749235,62.8,192487,1757027,5005622,11070218,40575972,116743613,62.8,192487,0.0,0
61372,"Navarre--Miramar Beach--Destin, FL",226213.0,681772,47977,594357,80862,3682894,0.0,0,0,0,681772,594357,3682894,0.0,0,0.0,0
61705,"Newark, OH",81223.0,425403,24116,369951,54950,2042285,0.0,0,0,0,425403,369951,2042285,0.0,0,0.0,0
61786,"New Bedford, MA",155491.0,1145741,85681,4429143,1187392,12174132,0.0,0,0,0,1145741,4429143,12174132,0.0,0,0.0,0
61948,"New Braunfels, TX",100736.0,214171,10383,211166,18091,1040259,0.0,0,0,0,214171,211166,1040259,0.0,0,0.0,0
62407,"New Haven, CT",561456.0,13221596,730989,133175368,13252389,230078364,152.2,6596938,100435840,158732302,6624658,32739528,71346062,125.0,6596938,0.0,0
62677,"New Orleans, LA",963212.0,10230605,939298,51605897,15788612,152680883,30.2,800011,7564010,40088643,9430594,44041887,112592240,30.2,800011,7.0,97013
63217,"New York--Jersey City--Newark, NY--NJ",19426449.0,799553615,55511890,15428180983,3176227391,17818193090,2450.5,535297278,12461818878,11580398450,264256337,2966362105,6237794640,2318.29999999999,530664633,143.4,7059550
63433,"Norman, OK",120191.0,422909,38379,0,330398,5477226,0.0,0,0,0,422909,0,5477226,0.0,0,0.0,0
64135,"Norwich--New London, CT",167432.0,1372480,88064,6890209,1235994,8591611,0.0,0,0,0,1372480,6890209,8591611,0.0,0,0.0,0
64567,"Ocala, FL",182647.0,861885,61214,22286,277956,4795911,0.0,0,0,0,861885,22286,4795911,0.0,0,0.0,0
64864,"Odessa, TX",154818.0,424785,27768,0,106446,3005114,0.0,0,0,0,424785,0,3005114,0.0,0,0.0,0
64945,"Ogden--Layton, UT",608857.0,9484474,538185,75360253,6517206,92407073,71.7,1755043,48049476,26344033,7729431,27310777,66063040,70.5,1708513,0.0,0
65080,"Oklahoma City, OK",982276.0,4293213,292206,14463511,3095753,47061354,13.7,145197,564911,8477255,4148016,13898600,38584099,8.6,3335,0.0,0
65242,"Olympia--Lacey, WA",208157.0,5022513,324518,18541599,3686405,61778158,0.0,0,0,0,5022513,18541599,61778158,0.0,0,0.0,0
65269,"Omaha, NE--IA",819508.0,4958246,349357,13096534,3357914,42403699,0.0,0,0,0,4958246,13096534,42403699,0.0,0,0.0,0
65863,"Orlando, FL",1853896.0,20976888,1422402,104262162,15536409,210004981,104.6,1181273,17516474,70000898,19795615,86745688,140004083,70.2,844200,0.0,0
66160,"Oshkosh, WI",76190.0,660691,43920,0,677573,5429720,0.0,0,0,0,660691,0,5429720,0.0,0,0.0,0
66484,"Owensboro, KY",76433.0,877325,66659,796446,265473,4068368,0.0,0,0,0,877325,796446,4068368,0.0,0,0.0,0
66673,"Oxnard--San Buenaventura (Ventura), CA",376117.0,4768662,322933,24025707,3673979,51230499,59.4,310326,4322885,7793683,4458336,19702822,43436816,59.4,310326,0.0,0
66781,"Paducah, KY--IL",50833.0,784815,49618,0,180853,3371161,0.0,0,0,0,784815,0,3371161,0.0,0,0.0,0
67105,"Palm Bay--Melbourne, FL",510675.0,2802985,145788,10998066,1673706,15062084,0.0,0,0,0,2802985,10998066,15062084,0.0,0,0.0,0
67140,"Palmdale--Lancaster, CA",359559.0,5889141,339560,28104799,1762674,65248844,70.6,901272,12554846,22634998,4987869,15549953,42613846,70.6,901272,78.6,536017
67305,"Panama City--Panama City Beach, FL",162060.0,738749,55546,2709848,390922,4916615,0.0,0,0,0,738749,2709848,4916615,0.0,0,0.0,0
67672,"Parkersburg, WV--OH",62500.0,495925,37114,0,272969,3483936,0.0,0,0,0,495925,0,3483936,0.0,0,0.0,0
67812,"Pascagoula--Gautier, MS",51454.0,129922,3512,548737,12845,183106,0.0,0,0,0,129922,548737,183106,0.0,0,0.0,0
68482,"Pensacola, FL--AL",390172.0,2163783,149160,4751058,854526,14387385,0.0,0,0,0,2163783,4751058,14387385,0.0,0,0.0,0
68509,"Peoria, IL",259781.0,2876498,170238,9759215,1842832,25016323,0.0,0,0,0,2876498,9759215,25016323,0.0,0,0.0,0
68887,"Petaluma, CA",65227.0,417005,33694,1223024,268256,5492661,0.0,0,0,0,417005,1223024,5492661,0.0,0,0.0,0
69076,"Philadelphia, PA--NJ--DE--MD",5696125.0,112648877,8675306,1072734574,226596313,1817476568,779.3,41656850,633406175,755686988,70992027,439328399,1061789580,773.3,41218569,0.0,0
69184,"Phoenix--Mesa--Scottsdale, AZ",3976313.0,44137026,3193865,197519074,37716412,435416178,59.8,3119162,72730795,68268745,41017864,124788279,367147433,50.8,2806207,238.5,625824
69192,"Phoenix West--Goodyear--Avondale, AZ",419946.0,2698723,154912,8578193,935068,17440911,0.0,0,0,0,2698723,8578193,17440911,0.0,0,29.3,59266
69517,"Pinehurst--Southern Pines, NC",50319.0,125852,6091,0,11127,360301,0.0,0,0,0,125852,0,360301,0.0,0,0.0,0
69697,"Pittsburgh, PA",1745039.0,30815042,2261998,164975612,38916420,508692486,92.9,2564684,24717931,102744683,28250358,140257681,405947803,92.9,2564684,13.4,43332
69778,"Pittsfield, MA",50720.0,753953,44414,2042517,340966,5868257,0.0,0,0,0,753953,2042517,5868257,0.0,0,0.0,0
70426,"Pocatello, ID",72211.0,396110,24651,0,148440,1860231,0.0,0,0,0,396110,0,1860231,0.0,0,0.0,0
70480,"Poinciana, FL",53267.0,430672,26891,1319467,174976,2258594,0.0,0,0,0,430672,1319467,2258594,0.0,0,0.0,0
70642,"Ponce, PR",118345.0,299978,32949,104781,373423,2546204,0.0,0,0,0,299978,104781,2546204,0.0,0,0.0,0
70993,"Port Arthur, TX",116819.0,350163,22850,0,105974,2493538,0.0,0,0,0,350163,0,2493538,0.0,0,0.0,0
71060,"Port Charlotte--North Port, FL",199998.0,1256818,78424,1671381,232438,6640020,0.0,0,0,0,1256818,1671381,6640020,0.0,0,0.0,0
71074,"Porterville, CA",69862.0,575927,31425,1467441,174530,4264125,0.0,0,0,0,575927,1467441,4264125,0.0,0,0.0,0
71155,"Port Huron, MI",82226.0,1673225,117974,6045496,850784,11423517,0.0,0,0,0,1673225,6045496,11423517,0.0,0,0.0,0
71263,"Portland, ME",205356.0,3755038,221335,37960992,3382386,42727078,181.3,1465301,28134615,22258122,2289737,9826377,20468956,181.3,1465301,0.0,0
71317,"Portland, OR--WA",2104238.0,40006059,3235364,257411045,66025199,748665890,170.7,9197932,122190602,260369400,30808127,135220443,488296490,170.0,9153345,4.0,21094
71479,"Port St. Lucie, FL",437745.0,2136307,126754,4042546,780353,12939456,0.0,0,0,0,2136307,4042546,12939456,0.0,0,0.0,0
71506,"Portsmouth, NH--ME",95090.0,483537,28529,701252,277845,4097983,0.0,0,0,0,483537,701252,4097983,0.0,0,0.0,0
71803,"Poughkeepsie--Newburgh, NY",314766.0,7768947,311742,107950625,4862741,108434608,52.7,2735469,51760606,69801402,5033478,56190019,38633206,52.7,2735469,0.0,0
72112,"Prescott--Prescott Valley, AZ",92427.0,55043,5469,0,11936,653970,0.0,0,0,0,55043,0,653970,0.0,0,0.0,0
72505,"Providence, RI--MA",1285806.0,14325260,817443,60840975,12800871,146213031,109.7,211407,3323335,4144271,14113853,57517640,142068760,107.8,114801,0.0,0
72559,"Provo--Orem, UT",588609.0,5502884,332920,44694063,4282779,58917046,47.2,1195163,27352148,17425511,4307721,17341915,41491535,38.9,936271,0.0,0
72613,"Pueblo, CO",120642.0,1048423,70665,2178861,653285,6281285,0.0,0,0,0,1048423,2178861,6281285,0.0,0,0.0,0
73153,"Racine, WI",134877.0,1042069,82005,3545504,994192,9091059,0.0,0,0,0,1042069,3545504,9091059,0.0,0,0.0,0
73261,"Raleigh, NC",1106646.0,13034858,919838,36419865,9168105,95693910,0.0,0,0,0,13034858,36419865,95693910,0.0,0,0.0,0
73396,"Rapid City, SD",85679.0,482416,37592,0,245267,3116053,0.0,0,0,0,482416,0,3116053,0.0,0,0.0,0
73693,"Reading, PA",276278.0,2411671,193108,10435296,2232426,17424615,0.0,0,0,0,2411671,10435296,17424615,0.0,0,0.0,0
73774,"Redding, CA",120602.0,761859,45940,0,357034,6323451,0.0,0,0,0,761859,0,6323451,0.0,0,0.0,0
74179,"Reno, NV--CA",446529.0,8608989,450107,38814923,5670251,47724649,2.1,87670,510981,1123318,8521319,38303942,46601331,0.5,23655,0.0,0
74746,"Richmond, VA",1059150.0,8136075,627068,43672941,10130497,68679708,14.2,396377,4706068,4958519,7739698,38966873,63721189,0.0,0,0.0,0
75313,"Riverhead--Southold, NY",51120.0,4758068,156885,124962205,4839342,124181366,35.2,4316319,114699875,120426328,441749,10262330,3755038,35.2,4316319,0.0,0
75340,"Riverside--San Bernardino, CA",2276703.0,17403754,1033620,96576747,10095718,194573879,194.0,2645752,33386627,60790104,14758002,63190120,133783775,179.799999999999,2607407,0.0,0
75421,"Roanoke, VA",217312.0,1847367,114178,5799164,970740,10373893,0.0,0,0,0,1847367,5799164,10373893,0.0,0,0.0,0
75637,"Rochester, MN",121587.0,1765271,125619,2498521,727963,12332194,0.0,0,0,0,1765271,2498521,12332194,0.0,0,0.0,0
75664,"Rochester, NY",704327.0,7282193,578773,26809752,9079668,100780858,0.0,0,0,0,7282193,26809752,100780858,0.0,0,0.0,0
75718,"Rockford, IL",276443.0,2095290,151051,4876520,993386,20692861,0.0,0,0,0,2095290,4876520,20692861,0.0,0,0.0,0
75745,"Rock Hill, SC",218443.0,469284,30372,0,283539,2086473,0.0,0,0,0,469284,0,2086473,0.0,0,0.0,0
75988,"Rocky Mount, NC",63297.0,870548,46476,19460,253098,2886146,0.0,0,0,0,870548,19460,2886146,0.0,0,0.0,0
76204,"Rome, GA",60403.0,358158,24342,1972262,204548,2896839,0.0,0,0,0,358158,1972262,2896839,0.0,0,0.0,0
76474,"Round Lake Beach--McHenry--Grayslake, IL--WI",261835.0,2394115,115423,12551417,686071,31089930,49.8,764836,11239115,19988093,1629279,1312302,11101837,49.8,764836,0.0,0
77068,"Sacramento, CA",1946618.0,16673170,1165108,69467082,15013058,259751202,84.9,3588470,35062115,83048077,13084700,34404967,176703125,84.9,3588470,0.0,0
77149,"Saginaw, MI",116058.0,1154590,88054,3056024,391647,9445161,0.0,0,0,0,1154590,3056024,9445161,0.0,0,0.0,0
77230,"St. Augustine, FL",91786.0,650526,45802,0,99310,2596159,0.0,0,0,0,650526,0,2596159,0.0,0,0.0,0
77338,"St. Cloud, MN",117638.0,1694729,122572,3454101,774825,16751747,0.0,0,0,0,1694729,3454101,16751747,0.0,0,0.0,0
77446,"St. George, UT",134109.0,463861,35734,0,310704,2692204,0.0,0,0,0,463861,0,2692204,0.0,0,0.0,0
77743,"St. Joseph, MO--KS",77187.0,778113,74804,0,258401,7071618,0.0,0,0,0,778113,0,7071618,0.0,0,0.0,0
77770,"St. Louis, MO--IL",2156323.0,24553701,1520202,132050880,21142502,312596950,93.1999999999999,4772986,45668899,103931627,19780715,86381981,208665323,91.1,4770068,0.0,0
78229,"Salem, OR",268331.0,3597249,253868,10471132,2963152,42849391,0.0,0,0,0,3597249,10471132,42849391,0.0,0,0.0,0
78310,"Salinas, CA",177532.0,2993593,142420,20020513,1242386,20439566,0.0,0,0,0,2993593,20020513,20439566,0.0,0,0.0,0
78364,"Salisbury, MD--DE",78075.0,1347235,63708,5029404,178521,5254818,0.0,0,0,0,1347235,5029404,5254818,0.0,0,0.0,0
78499,"Salt Lake City, UT",1178533.0,21693688,1280931,144720491,23504873,267318046,159.0,7466545,82631640,116534320,14227143,62088851,150783726,159.0,7466545,0.0,0
78553,"San Angelo, TX",99982.0,719546,41511,1984098,227560,3397711,0.0,0,0,0,719546,1984098,3397711,0.0,0,0.0,0
78580,"San Antonio, TX",1992689.0,31259262,2022191,137424908,27966523,262519192,0.0,0,0,0,31259262,137424908,262519192,0.0,0,0.0,0
78661,"San Diego, CA",3070300.0,51947154,3295491,504890470,76138109,495665349,298.0,15411436,289242863,205295942,36535718,215647607,290369407,271.1,13537622,0.1,2566
78774,"Sandusky--Port Clinton, OH",61743.0,776187,53498,0,405506,3504978,0.0,0,0,0,776187,0,3504978,0.0,0,0.0,0
78904,"San Francisco--Oakland, CA",3515933.0,139164345,8792747,1142417451,231725247,2589211773,727.099999999999,75754884,740246166,1307073807,63409461,402171285,1282137966,683.699999999999,74024618,13.7,484565
78985,"San Germán--Cabo Rojo--Sabana Grande, PR",97241.0,123886,12507,81332,41691,40479,0.0,0,0,0,123886,81332,40479,0.0,0,0.0,0
79039,"San Jose, CA",1837446.0,30645689,2016589,222876095,30306646,577446931,243.8,12242136,126356961,250103753,18403553,96519134,327343178,225.8,5798431,158.5,176585
79093,"San Juan, PR",1844410.0,9779780,921486,38697424,9133908,163900558,55.9,2440838,19066840,96515192,7338942,19630584,67385366,42.3,2396991,0.0,0
79147,"San Luis Obispo, CA",56904.0,699735,49542,3789136,692008,7146677,0.0,0,0,0,699735,3789136,7146677,0.0,0,0.0,0
79201,"San Marcos, TX",70801.0,1050159,83506,5321178,2174220,7033888,0.0,0,0,0,1050159,5321178,7033888,0.0,0,0.0,0
79282,"Santa Barbara, CA",202197.0,3384527,225133,23475058,5030880,32968007,0.0,0,0,0,3384527,23475058,32968007,0.0,0,0.0,0
79309,"Santa Clarita, CA",278031.0,3428635,203987,20102097,2411659,35748316,23.6,302131,4208727,7587870,3126504,15893370,28160446,23.6,302131,13.9,94592
79336,"Santa Cruz, CA",169038.0,2231318,156987,14433881,2418461,35557744,0.0,0,0,0,2231318,14433881,35557744,0.0,0,0.0,0
79363,"Santa Fe, NM",94241.0,710887,64928,886496,390713,8743144,0.0,0,0,0,710887,886496,8743144,0.0,0,0.0,0
79417,"Santa Maria, CA",143609.0,1454941,79496,8451792,741335,7722123,0.0,0,0,0,1454941,8451792,7722123,0.0,0,0.0,0
79498,"Santa Rosa, CA",297329.0,3130748,197318,21047409,2388500,54740308,62.0,869805,12390716,27220708,2260943,8656693,27519600,62.0,869805,0.0,0
79633,"Saratoga Springs, NY",75684.0,575260,43212,2671586,691288,5102940,0.0,0,0,0,575260,2671586,5102940,0.0,0,0.0,0
79768,"Savannah, GA",309466.0,2291221,154123,5186604,2286113,23476310,1.4,12340,210706,1035264,2278881,4975898,22441046,1.4,12340,0.0,0
80227,"Scranton, PA",366713.0,3798183,267470,8120703,1662786,31596062,0.0,0,0,0,3798183,8120703,31596062,0.0,0,0.0,0
80362,"Seaside--Monterey--Pacific Grove, CA",123495.0,3453969,167855,21907511,1533375,25283188,0.0,0,0,0,3453969,21907511,25283188,0.0,0,0.0,0
80389,"Seattle--Tacoma, WA",3544011.0,93011162,6629687,865947599,148204563,1949704675,548.2,14775485,370425138,744503657,78235677,495522461,1205201018,499.4,13029912,248.1,8235248
81118,"Sheboygan, WI",74369.0,664422,48189,0,585328,4258945,0.0,0,0,0,664422,0,4258945,0.0,0,0.0,0
81631,"Sherman--Denison, TX",66691.0,311263,10258,1246763,36223,1075673,0.0,0,0,0,311263,1246763,1075673,0.0,0,0.0,0
81739,"Shreveport, LA",288052.0,2759655,167867,21123301,3333319,17031686,0.0,0,0,0,2759655,21123301,17031686,0.0,0,0.0,0
81901,"Sierra Vista, AZ",54274.0,102680,7650,97001,74614,950500,0.0,0,0,0,102680,97001,950500,0.0,0,0.0,0
82144,"Simi Valley, CA",127364.0,528382,35925,0,206836,7589523,0.0,0,0,0,528382,0,7589523,0.0,0,0.0,0
82225,"Sioux City, IA--NE--SD",113066.0,819827,57842,3314230,689099,6221212,0.0,0,0,0,819827,3314230,6221212,0.0,0,0.0,0
82252,"Sioux Falls, SD",194283.0,949210,92642,2047848,612695,11273682,0.0,0,0,0,949210,2047848,11273682,0.0,0,0.0,0
82468,"Slidell, LA",91587.0,134433,12937,0,24035,1218345,0.0,0,0,0,134433,0,1218345,0.0,0,0.0,0
83116,"South Bend, IN--MI",278921.0,2030272,132654,12038680,1514564,21267949,28.9,299481,7359519,9073801,1730791,4679161,12194148,28.9,299481,0.0,0
83332,"South Lyon--Hamburg--Genoa, MI",145963.0,1033300,41781,188663,114577,3979122,0.0,0,0,0,1033300,188663,3979122,0.0,0,0.0,0
83548,"Spartanburg, SC",196943.0,1004969,56417,750258,338870,5491040,0.0,0,0,0,1004969,750258,5491040,0.0,0,0.0,0
83764,"Spokane, WA",447279.0,9351298,637116,43193449,9003741,104648691,0.0,0,0,0,9351298,43193449,104648691,0.0,0,0.0,0
83899,"Springfield, IL",159265.0,2238083,158954,5001748,1319966,19256225,0.0,0,0,0,2238083,5001748,19256225,0.0,0,0.0,0
83926,"Springfield, MA--CT",442145.0,4714934,317104,19282434,5062958,42190748,0.0,0,0,0,4714934,19282434,42190748,0.0,0,0.0,0
83953,"Springfield, MO",282651.0,1384538,94361,5457340,1112614,12907392,0.0,0,0,0,1384538,5457340,12907392,0.0,0,0.0,0
83980,"Springfield, OH",82369.0,243232,19006,0,128839,2404443,0.0,0,0,0,243232,0,2404443,0.0,0,0.0,0
84024,"Spring Hill, FL",169050.0,694745,31648,780600,134514,2489409,0.0,0,0,0,694745,780600,2489409,0.0,0,0.0,0
84088,"Spring Hill, TN",60309.0,63700,3120,0,5925,271818,0.0,0,0,0,63700,0,271818,0.0,0,0.0,0
84493,"State College, PA",83674.0,2434485,168078,11988843,4829700,19118087,0.0,0,0,0,2434485,11988843,19118087,0.0,0,0.0,0
84630,"Staunton--Waynesboro, VA",59065.0,335204,22750,0,150534,1404199,0.0,0,0,0,335204,0,1404199,0.0,0,0.0,0
84859,"Steubenville--Weirton, OH--WV--PA",64981.0,384034,26239,0,164729,1763382,0.0,0,0,0,384034,0,1763382,0.0,0,0.0,0
85087,"Stockton, CA",414847.0,10042587,352924,44808942,2816556,44780981,12.5,74075,1832068,2708920,9968512,42976874,42072061,12.5,74075,0.0,0
85708,"Sumter, SC",68825.0,249737,15081,329967,46506,1900858,0.0,0,0,0,249737,329967,1900858,0.0,0,0.0,0
86302,"Syracuse, NY",413660.0,3936986,316844,18056343,5673177,52562412,0.0,0,0,0,3936986,18056343,52562412,0.0,0,0.0,0
86464,"Tallahassee, FL",252934.0,2500268,209690,10140710,2588438,28286696,0.0,0,0,0,2500268,10140710,28286696,0.0,0,0.0,0
86599,"Tampa--St. Petersburg, FL",2783045.0,24442704,1643820,120071052,23596091,221545047,24.2,592666,5744866,7450074,23850038,114326186,214094973,5.4,126282,1.1,65918
87004,"Temecula--Murrieta--Menifee, CA",528991.0,1620146,101828,5279994,510358,12177841,0.0,0,0,0,1620146,5279994,12177841,0.0,0,0.0,0
87058,"Temple, TX",114632.0,202184,19319,553948,96963,2789218,0.0,0,0,0,202184,553948,2789218,0.0,0,0.0,0
87139,"Terre Haute, IN",79862.0,443375,33329,197093,145758,2683309,0.0,0,0,0,443375,197093,2683309,0.0,0,0.0,0
87193,"Texarkana, TX--AR",78744.0,516015,32765,0,243522,2536272,0.0,0,0,0,516015,0,2536272,0.0,0,0.0,0
87285,"The Villages--Lady Lake, FL",161736.0,202518,12583,121421,29575,1180855,0.0,0,0,0,202518,121421,1180855,0.0,0,0.0,0
87300,"The Woodlands--Conroe, TX",402454.0,840508,47019,11147963,540282,9313750,0.0,0,0,0,840508,11147963,9313750,0.0,0,0.0,0
87490,"Thousand Oaks, CA",213986.0,770440,48260,1235464,286643,10664243,17.8,88690,1235464,2227405,681750,0,8436838,17.8,88690,0.0,0
87787,"Titusville, FL",62459.0,433244,23104,1484353,205989,2318934,0.0,0,0,0,433244,1484353,2318934,0.0,0,0.0,0
87868,"Toledo, OH--MI",497952.0,4039820,286670,14354468,1909226,33488366,0.0,0,0,0,4039820,14354468,33488366,0.0,0,0.0,0
88084,"Topeka, KS",148956.0,1002902,68182,3811005,939864,8317682,0.0,0,0,0,1002902,3811005,8317682,0.0,0,0.0,0
88280,"Tracy--Mountain House, CA",120912.0,1969418,73608,9702223,337074,12275120,22.7,134686,3331135,4925463,1834732,6371088,7349657,22.7,134686,0.0,0
88300,"Traverse City--Garfield, MI",56890.0,1544933,105731,0,343272,10984651,0.0,0,0,0,1544933,0,10984651,0.0,0,0.0,0
88462,"Trenton, NJ",370422.0,7395171,346726,127444671,8755269,147176061,94.5,4119031,95356187,105532223,3276140,32088484,41643838,94.5,4119031,0.0,0
88732,"Tucson, AZ",875441.0,12507548,957183,59157637,16960120,97580707,7.8,192338,1384530,4783172,12315210,57773107,92797535,7.8,192338,0.0,0
88840,"Tulare, CA",70628.0,490561,26826,1045376,159138,4321606,0.0,0,0,0,490561,1045376,4321606,0.0,0,0.0,0
88948,"Tulsa, OK",722810.0,3697145,230139,11512385,1991867,24691467,0.0,0,0,0,3697145,11512385,24691467,0.0,0,0.0,0
89083,"Turlock, CA",79203.0,669299,51601,1827633,434041,6015193,0.0,0,0,0,669299,1827633,6015193,0.0,0,0.0,0
89110,"Tuscaloosa, AL",156450.0,460396,39513,0,229691,5218713,0.0,0,0,0,460396,0,5218713,0.0,0,0.0,0
89245,"Twin Falls, ID",58808.0,3683,805,0,756,55404,0.0,0,0,0,3683,0,55404,0.0,0,0.0,0
89326,"Tyler, TX",131028.0,621004,40768,0,212604,3842832,0.0,0,0,0,621004,0,3842832,0.0,0,0.0,0
89785,"Utica, NY",119059.0,794740,68856,1866316,596094,12436486,0.0,0,0,0,794740,1866316,12436486,0.0,0,0.0,0
89866,"Vacaville, CA",101027.0,372364,27987,18533,278775,3013304,0.0,0,0,0,372364,18533,3013304,0.0,0,0.0,0
89974,"Valdosta, GA",76769.0,333003,31960,0,100569,1155850,0.0,0,0,0,333003,0,1155850,0.0,0,0.0,0
90028,"Vallejo, CA",175132.0,2021621,100296,12115096,983175,18570491,0.0,0,0,0,2021621,12115096,18570491,0.0,0,0.0,0
90095,"Valparaiso--Shorewood Forest, IN",51867.0,545508,29908,0,167588,3326109,0.0,0,0,0,545508,0,3326109,0.0,0,0.0,0
90406,"Vero Beach--Sebastian, FL",174292.0,1106448,63383,5409001,1178368,5384956,0.0,0,0,0,1106448,5409001,5384956,0.0,0,0.0,0
90514,"Victoria, TX",65986.0,559087,31486,1296444,263930,2641010,0.0,0,0,0,559087,1296444,2641010,0.0,0,0.0,0
90541,"Victorville--Hesperia--Apple Valley, CA",355816.0,8013290,273486,29690002,1114042,28378495,0.0,0,0,0,8013290,29690002,28378495,0.0,0,0.0,0
90730,"Vineland, NJ",87226.0,491538,36580,41695,79558,3210422,0.0,0,0,0,491538,41695,3210422,0.0,0,0.0,0
90892,"Virginia Beach--Norfolk, VA",1451578.0,14300284,1004891,37005760,7249997,118924544,16.8,347049,2691229,13675761,13953235,34314531,105248783,16.8,347049,70.7,459003
90946,"Visalia, CA",160578.0,3077302,161798,13040254,863923,17288325,0.0,0,0,0,3077302,13040254,17288325,0.0,0,0.0,0
91027,"Waco, TX",192844.0,1198799,79888,2790228,843400,7525082,0.0,0,0,0,1198799,2790228,7525082,0.0,0,0.0,0
91261,"Waldorf, MD",118601.0,1321552,76245,3320651,409410,6539894,0.0,0,0,0,1321552,3320651,6539894,0.0,0,0.0,0
91405,"Walla Walla, WA--OR",50013.0,527489,39920,0,473836,6337135,0.0,0,0,0,527489,0,6337135,0.0,0,0.0,0
92242,"Washington--Arlington, DC--VA--MD",5174759.0,186927716,12363784,1237136338,272770492,3375600785,693.099999999999,79091025,695197234,1688138692,107836691,541939104,1687462093,679.5,77393045,33.9,306427
92459,"Wasilla--Knik-Fairview--North Lakes, AK",53444.0,369214,17937,160716,31790,2654615,20.4,23687,160716,1288461,345527,0,1366154,20.4,23687,0.0,0
92485,"Waterbury, CT",199317.0,6696647,291146,101363513,7465824,151221833,51.0,5112619,94419484,131826502,1584028,6944029,19395331,22.2,5112619,0.0,0
92593,"Waterloo, IA",114139.0,728542,50984,0,232906,5807451,0.0,0,0,0,728542,0,5807451,0.0,0,0.0,0
92674,"Watertown, NY",51832.0,136560,11816,0,85055,1421592,0.0,0,0,0,136560,0,1421592,0.0,0,0.0,0
92890,"Watsonville, CA",68668.0,754597,57673,4532769,944308,12909563,0.0,0,0,0,754597,4532769,12909563,0.0,0,0.0,0
93025,"Wausau, WI",77429.0,379261,28134,0,362300,3804070,0.0,0,0,0,379261,0,3804070,0.0,0,0.0,0
93862,"Wenatchee, WA",78142.0,2491737,131498,9544523,1088443,22765793,0.0,0,0,0,2491737,9544523,22765793,0.0,0,0.0,0
94726,"Wheeling, WV--OH",57695.0,800208,56985,1774356,317863,4623937,0.0,0,0,0,800208,1774356,4623937,0.0,0,0.0,0
95077,"Wichita, KS",500231.0,2448462,151680,7077273,1266883,14802369,0.0,0,0,0,2448462,7077273,14802369,0.0,0,0.0,0
95104,"Wichita Falls, TX",97039.0,764348,56003,0,235313,2361851,0.0,0,0,0,764348,0,2361851,0.0,0,0.0,0
95411,"Williamsburg, VA",89585.0,822355,52555,2764578,1134056,6117238,0.0,0,0,0,822355,2764578,6117238,0.0,0,0.0,0
95455,"Williamsport, PA",55344.0,1065047,56711,4151419,730903,8443118,0.0,0,0,0,1065047,4151419,8443118,0.0,0,0.0,0
95833,"Wilmington, NC",255329.0,1481902,105160,2152407,721308,9842438,0.0,0,0,0,1481902,2152407,9842438,0.0,0,0.0,0
96103,"Winchester, VA",83377.0,226791,20219,0,180625,1976660,0.0,0,0,0,226791,0,1976660,0.0,0,0.0,0
96670,"Winston-Salem, NC",420924.0,3982173,239574,9698853,1902361,24309706,0.0,0,0,0,3982173,9698853,24309706,0.0,0,0.0,0
96697,"Winter Haven, FL",253251.0,1179787,70960,1923407,352662,8463734,0.0,0,0,0,1179787,1923407,8463734,0.0,0,0.0,0
96994,"Woodland, CA",61133.0,581544,27982,1161464,181550,4333635,0.0,0,0,0,581544,1161464,4333635,0.0,0,0.0,0
97291,"Worcester, MA--CT",482085.0,5446858,308450,18964595,4340390,37797407,30.4,7948,168514,160035,5438910,18796081,37637372,30.4,7948,0.0,0
97507,"Yakima, WA",133145.0,1214177,95892,3092474,643362,10315722,0.0,0,0,0,1214177,3092474,10315722,0.0,0,0.0,0
97561,"Yauco, PR",63885.0,93580,10621,44708,35153,366925,0.0,0,0,0,93580,44708,366925,0.0,0,0.0,0
97750,"York, PA",238549.0,3259986,195337,6804767,1128855,14814157,0.0,0,0,0,3259986,6804767,14814157,0.0,0,0.0,0
97831,"Youngstown, OH",320901.0,1781963,120925,6850178,2011716,15351621,0.0,0,0,0,1781963,6850178,15351621,0.0,0,0.0,0
97939,"Yuba City, CA",125706.0,884660,60661,0,501933,7449956,0.0,0,0,0,884660,0,7449956,0.0,0,0.0,0
98020,"Yuma, AZ--CA",135717.0,1829638,65391,14086013,480975,4155793,0.0,0,0,0,1829638,14086013,4155793,0.0,0,0.0,0
98182,"Zephyrhills, FL",55133.0,244241,11439,639056,68233,1008560,0.0,0,0,0,244241,639056,1008560,0.0,0,0.0,0
99999,"Lake Tahoe, CA-NV",210000.0,1095005,62736,2923279,639409,9416674,0.0,0,0,0,1095005,2923279,9416674,0.0,0,0.0,0
